-0.147626, 0.050833, -0.008559, 0.773997, -0.093561, 0.000000, 0.000000, 0.000000
-0.390146, 0.046925, -0.020184, 1.773929, -0.095334, 0.024269, -0.000074, -0.006347
-0.235091, -0.015501, -0.030635, 1.999940, -0.052956, 0.131045, -0.004643, -0.033849
-0.006459, -0.010392, -0.065378, 1.999970, -0.032199, 0.311677, -0.019019, -0.066022
0.367977, -0.072470, -0.080247, 1.999965, 0.008688, 0.630906, -0.050316, -0.099954
0.597650, -0.101872, -0.103892, 1.999973, 0.044844, 0.916547, -0.080948, -0.103759
1.303340, -0.132086, -0.076606, 1.683430, 0.051017, 1.262613, -0.109692, -0.069857
1.756703, -0.134192, -0.027900, 1.482711, 0.021567, 1.571831, -0.121691, -0.025392
2.215376, -0.109965, 0.016139, 1.042366, -0.008867, 1.913084, -0.121404, 0.008008
2.400673, -0.112696, 0.016858, 1.240571, -0.010822, 2.130332, -0.119886, 0.006155
2.605630, -0.080900, 0.004077, 1.497736, -0.021042, 2.311575, -0.119975, 0.000627
2.893388, -0.082582, -0.019257, 1.703209, -0.011186, 2.572863, -0.123310, -0.013903
3.155716, -0.140853, -0.025173, 1.833772, 0.035375, 2.859132, -0.130238, -0.024549
3.408858, -0.130793, -0.018451, 1.920751, 0.040410, 3.144759, -0.134057, -0.006331
3.704408, -0.119524, 0.015217, 1.811691, 0.011161, 3.457707, -0.127825, 0.028178
4.090445, -0.074351, 0.027359, 1.745062, -0.011973, 3.812091, -0.112120, 0.047716
4.359867, -0.053693, 0.027122, 1.737361, -0.030600, 4.161724, -0.096416, 0.041329
4.738975, -0.086590, 0.017073, 1.622406, -0.016507, 4.455213, -0.088551, 0.020056
5.059568, -0.061179, 0.003065, 1.701756, -0.011655, 4.822330, -0.087625, -0.003101
5.396867, -0.079989, -0.035747, 1.700957, 0.015470, 5.154160, -0.092232, -0.016689
5.683101, -0.097019, -0.026599, 1.775963, 0.023026, 5.504505, -0.096168, -0.006558
6.005618, -0.061370, 0.005177, 1.672820, -0.021063, 5.814685, -0.094024, 0.012594
6.332263, -0.070967, 0.011156, 1.748362, -0.026752, 6.130709, -0.090902, 0.004565
6.699691, -0.072220, -0.038914, 1.762955, -0.013521, 6.466252, -0.094760, -0.018561
7.056515, -0.109569, -0.032364, 1.815099, 0.016259, 6.869385, -0.108502, -0.039884
7.383949, -0.109680, -0.038569, 1.730085, 0.042975, 7.132824, -0.118450, -0.034869
7.689644, -0.133259, -0.023525, 1.602661, 0.075362, 7.464166, -0.122970, -0.001479
8.083445, -0.092736, 0.048568, 1.488383, 0.071105, 7.809459, -0.108514, 0.063754
8.387182, -0.038998, 0.111275, 1.355342, 0.063707, 8.119888, -0.072410, 0.130520
8.632038, 0.021777, 0.172178, 1.162236, 0.082321, 8.377356, -0.026647, 0.181614
8.883888, 0.113207, 0.242172, 0.930063, 0.089854, 8.594450, 0.025114, 0.234528
9.048258, 0.192795, 0.297917, 0.780169, 0.110380, 8.778133, 0.081237, 0.288028
9.182431, 0.260488, 0.333852, 0.889746, 0.187542, 8.941040, 0.143013, 0.344794
9.313907, 0.320412, 0.404500, 1.127216, 0.319295, 9.075600, 0.208104, 0.419987
9.463655, 0.443333, 0.546370, 1.327478, 0.399918, 9.217464, 0.306257, 0.565157
9.550214, 0.579245, 0.750559, 1.421727, 0.399963, 9.348532, 0.446365, 0.778103
9.601570, 0.830526, 0.997398, 1.390105, 0.331339, 9.457826, 0.639984, 1.036840
9.606566, 1.076551, 1.233090, 1.379358, 0.190677, 9.527469, 0.886471, 1.297831
9.576952, 1.304702, 1.428071, 1.321399, 0.034892, 9.550066, 1.135551, 1.475210
9.542737, 1.620382, 1.529109, 1.331727, -0.040756, 9.556207, 1.410652, 1.540386
9.562136, 1.908647, 1.523392, 1.434995, -0.039848, 9.565892, 1.668293, 1.525499
9.571980, 2.182930, 1.490283, 1.551261, -0.015102, 9.585526, 1.936746, 1.494593
9.611901, 2.409352, 1.479236, 1.642903, 0.009389, 9.611771, 2.217665, 1.477355
9.656362, 2.724471, 1.475386, 1.640700, 0.029291, 9.640158, 2.521470, 1.480226
9.656204, 3.007234, 1.486304, 1.782674, 0.022545, 9.661914, 2.811470, 1.501351
9.664154, 3.293663, 1.524947, 1.893342, 0.001143, 9.677899, 3.122880, 1.524116
9.707619, 3.649570, 1.530774, 1.839720, 0.008414, 9.691112, 3.456425, 1.531075
9.703467, 4.034076, 1.535310, 1.673830, 0.019575, 9.704089, 3.821879, 1.538133
9.707827, 4.375233, 1.536876, 1.743697, 0.020340, 9.711300, 4.156802, 1.555027
9.723675, 4.707817, 1.562485, 1.591051, 0.023648, 9.711997, 4.477666, 1.574004
9.698190, 5.038064, 1.586315, 1.449947, -0.012161, 9.705679, 4.784880, 1.597447
9.673324, 5.359054, 1.584174, 1.556941, -0.038101, 9.696825, 5.105598, 1.595191
9.668511, 5.627847, 1.555926, 1.574365, -0.054484, 9.695716, 5.393106, 1.568159
9.694588, 5.892936, 1.536663, 1.495698, -0.026363, 9.705953, 5.675383, 1.526469
9.700843, 6.209566, 1.505763, 1.354016, -0.000324, 9.726092, 5.959966, 1.497062
9.771692, 6.445547, 1.487140, 1.427883, 0.063744, 9.749449, 6.247766, 1.490834
9.759943, 6.753939, 1.516331, 1.435313, 0.093963, 9.763199, 6.524930, 1.531215
9.766513, 7.035661, 1.577363, 1.317523, 0.104137, 9.759190, 6.785311, 1.595675
9.730259, 7.294494, 1.631163, 1.214243, 0.104857, 9.735364, 7.037355, 1.672492
9.674085, 7.549929, 1.740610, 1.234136, 0.128398, 9.689868, 7.290981, 1.753314
9.537255, 7.798659, 1.855690, 1.058776, 0.105234, 9.620387, 7.540771, 1.848622
9.467776, 7.906150, 1.897999, 1.066845, 0.124432, 9.554589, 7.719252, 1.913183
9.353834, 8.163174, 1.982192, 0.850976, 0.144485, 9.466859, 7.913219, 1.989057
9.243090, 8.314718, 2.066581, 0.853204, 0.197188, 9.389547, 8.051716, 2.057020
9.152132, 8.419709, 2.143707, 1.082706, 0.309347, 9.286198, 8.200189, 2.147461
9.024349, 8.524583, 2.258465, 1.292416, 0.388154, 9.160300, 8.332455, 2.299806
8.879012, 8.572892, 2.418941, 1.464079, 0.378106, 9.009695, 8.435081, 2.497415
8.587372, 8.647458, 2.734197, 1.306156, 0.246283, 8.771229, 8.524360, 2.780397
8.371646, 8.614722, 2.940614, 1.345540, 0.119393, 8.534020, 8.561050, 2.978127
8.092219, 8.591388, 3.078021, 1.357069, 0.014020, 8.285209, 8.571298, 3.093340
7.849361, 8.576227, 3.123718, 1.418911, -0.028949, 8.045982, 8.572337, 3.128890
7.594063, 8.568951, 3.116012, 1.582283, -0.027915, 7.783764, 8.577535, 3.116761
7.252436, 8.582616, 3.091509, 1.750349, -0.008368, 7.521650, 8.589256, 3.094878
6.980030, 8.606236, 3.076436, 1.782114, 0.016927, 7.196815, 8.609196, 3.079360
6.670464, 8.634224, 3.086677, 1.826932, 0.026321, 6.849910, 8.628866, 3.089994
6.356513, 8.630554, 3.107465, 1.798437, 0.014716, 6.521951, 8.640437, 3.113254
5.942874, 8.634251, 3.118904, 1.626660, 0.012605, 6.183479, 8.645730, 3.130539
5.711223, 8.625085, 3.139655, 1.714710, -0.009250, 5.881039, 8.646348, -3.140425
5.391200, 8.637989, -3.136566, 1.675796, -0.004485, 5.549459, 8.646084, 3.139755
5.049228, 8.628704, 3.128518, 1.678458, 0.006313, 5.216835, 8.648126, 3.134323
4.759462, 8.630802, 3.132237, 1.770316, 0.007693, 4.877857, 8.649939, 3.138015
4.331825, 8.633612, -3.137685, 1.639532, 0.004623, 4.502279, 8.649372, -3.137614
4.021845, 8.641812, -3.128396, 1.619759, 0.004760, 4.212267, 8.647216, -3.133121
3.679072, 8.633275, -3.121992, 1.518998, -0.003408, 3.831340, 8.642592, -3.128258
3.381208, 8.628835, -3.124830, 1.435873, -0.006181, 3.568787, 8.639346, -3.130055
3.151637, 8.628520, -3.127554, 1.540026, -0.002715, 3.268837, 8.636905, -3.134474
2.793567, 8.606396, -3.137945, 1.475491, -0.004290, 3.001759, 8.635762, -3.137385
2.532591, 8.595149, 3.138872, 1.428117, -0.005058, 2.695861, 8.635194, -3.140295
2.270298, 8.587631, 3.129819, 1.666003, -0.004191, 2.411044, 8.635901, 3.138373
1.993433, 8.593776, 3.117992, 1.730638, 0.005241, 2.143128, 8.637707, 3.134345
1.715196, 8.595131, 3.124451, 1.939672, 0.005359, 1.839447, 8.639191, 3.137882
1.378511, 8.592258, 3.137592, 1.851395, -0.002997, 1.463124, 8.639093, -3.139700
1.016392, 8.604960, -3.137102, 1.810168, 0.000733, 1.134513, 8.638135, -3.138512
0.647121, 8.599001, -3.141056, 1.672857, 0.001141, 0.791457, 8.637225, -3.139059
0.304166, 8.599037, 3.141432, 1.696373, 0.000970, 0.435435, 8.636616, -3.139624
-0.013965, 8.604482, -3.137627, 1.682256, -0.002211, 0.110544, 8.635741, -3.138618
-0.339412, 8.605064, -3.140407, 1.702651, -0.002909, -0.213939, 8.635109, -3.140244
-0.671557, 8.595931, 3.138165, 1.548126, -0.008145, -0.528883, 8.635477, 3.139285
-0.927212, 8.588095, 3.123685, 1.690287, -0.005068, -0.850618, 8.637496, 3.133453
-1.230306, 8.615904, 3.117802, 1.810198, 0.012872, -1.180183, 8.641567, 3.128187
-1.525642, 8.623064, 3.122625, 1.882055, 0.020286, -1.517495, 8.644561, 3.136713
-1.943963, 8.627266, -3.125133, 1.774450, -0.005921, -1.868257, 8.641712, -3.126676
-2.204033, 8.635029, -3.118098, 1.951771, -0.007253, -2.180459, 8.636430, -3.125875
-2.602612, 8.629124, -3.122642, 1.600306, -0.005600, -2.578742, 8.631948, -3.133007
-2.980870, 8.611254, -3.132762, 1.523187, -0.005096, -2.890041, 8.630513, -3.138822
-3.199306, 8.586169, 3.136814, 1.594195, -0.010338, -3.171990, 8.630820, 3.140095
-3.544879, 8.589409, 3.125685, 1.657652, -0.006829, -3.492468, 8.632814, 3.133029
-3.812075, 8.624651, 3.115242, 1.723731, 0.017932, -3.817640, 8.637382, 3.126576
-4.214775, 8.626028, 3.117484, 1.713060, 0.013999, -4.124075, 8.640632, 3.134816
-4.494718, 8.616363, -3.141060, 1.773955, -0.009775, -4.478283, 8.639993, -3.135926
-4.842109, 8.619264, -3.139501, 1.805952, -0.010704, -4.775558, 8.638394, -3.138400
-5.296304, 8.606735, 3.119665, 1.645371, -0.002016, -5.152708, 8.640047, 3.133495
-5.673675, 8.623038, 3.111586, 1.511458, 0.014221, -5.459106, 8.643837, 3.128376
-5.945184, 8.637451, 3.123745, 1.605620, 0.026498, -5.746969, 8.645626, 3.138521
-6.329900, 8.649649, -3.126615, 1.374173, 0.017174, -6.051615, 8.641772, -3.123529
-6.621179, 8.642328, -3.110727, 1.495192, 0.014451, -6.342026, 8.632350, -3.106868
-6.877590, 8.598587, -3.095403, 1.616574, -0.011672, -6.582718, 8.621776, -3.097109
-7.144741, 8.588364, -3.093284, 1.735980, -0.020124, -6.902352, 8.607186, -3.099290
-7.442718, 8.585783, -3.117586, 1.815901, -0.020286, -7.177799, 8.598532, -3.113192
-7.787479, 8.578903, -3.125311, 1.740355, -0.018095, -7.502498, 8.593939, -3.131972
-8.060871, 8.540091, 3.139698, 1.743764, -0.033850, -7.824421, 8.595037, 3.133534
-8.376083, 8.595936, 3.110736, 1.730341, 0.010819, -8.196958, 8.605118, 3.103351
-8.752651, 8.605438, 3.096677, 1.599958, 0.023815, -8.525374, 8.619013, 3.102044
-9.078139, 8.638619, 3.113251, 1.625579, 0.027160, -8.865585, 8.627550, 3.123242
-9.403649, 8.631017, 3.127790, 1.575340, 0.017290, -9.199480, 8.627351, -3.133872
-9.780341, 8.626331, -3.127417, 1.470350, -0.003672, -9.453001, 8.622242, -3.118899
-10.058961, 8.619651, -3.123550, 1.544725, -0.006325, -9.752211, 8.613796, -3.114263
-10.295398, 8.618016, -3.122480, 1.623262, -0.005351, -10.098017, 8.605748, -3.119859
-10.558895, 8.607006, -3.123015, 1.975607, 0.001038, -10.382935, 8.600481, -3.123902
-10.920232, 8.601244, -3.127172, 1.957843, 0.017199, -10.714052, 8.594891, -3.124317
-11.229612, 8.605934, -3.138675, 1.979920, 0.030549, -11.038978, 8.587260, -3.113684
-11.613938, 8.551439, -3.100721, 1.766527, 0.042011, -11.428521, 8.569231, -3.083662
-12.028988, 8.526956, -3.063959, 1.488161, 0.063626, -11.782040, 8.539123, -3.041725
-12.315874, 8.490467, -3.019857, 1.307238, 0.090853, -12.054442, 8.501935, -2.993354
-12.584491, 8.386889, -2.928398, 1.234057, 0.095914, -12.293086, 8.452685, -2.932482
-12.817357, 8.278207, -2.850266, 0.847649, 0.065345, -12.527085, 8.386201, -2.862595
-12.920758, 8.208775, -2.827733, 0.962152, 0.119484, -12.691763, 8.329981, -2.822978
-13.144533, 8.132480, -2.755983, 0.975997, 0.195971, -12.859644, 8.261602, -2.766916
-13.235210, 8.051978, -2.685506, 1.098035, 0.285367, -13.003015, 8.185877, -2.681860
-13.383128, 7.943621, -2.589781, 1.346906, 0.399914, -13.161738, 8.069552, -2.532519
-13.497179, 7.738140, -2.360426, 1.434853, 0.399127, -13.310886, 7.894374, -2.285585
-13.550442, 7.515878, -2.116027, 1.322461, 0.275945, -13.395394, 7.722421, -2.062559
-13.527621, 7.212836, -1.829978, 1.225324, 0.113512, -13.460862, 7.438871, -1.784601
-13.509976, 6.903416, -1.685502, 1.201668, 0.007005, -13.480940, 7.199051, -1.666205
-13.484555, 6.619635, -1.651187, 1.303146, -0.026184, -13.496194, 6.956713, -1.641874
-13.524031, 6.461687, -1.662287, 1.513048, -0.012804, -13.512154, 6.754672, -1.651594
-13.532336, 6.202468, -1.672328, 1.623204, 0.006181, -13.538794, 6.473780, -1.665321
-13.592567, 5.891976, -1.666339, 1.603085, 0.039087, -13.564382, 6.203635, -1.663556
-13.592335, 5.640163, -1.648053, 1.706718, 0.029070, -13.586724, 5.897024, -1.635598
-13.602559, 5.352568, -1.602177, 1.777301, 0.006423, -13.599775, 5.586773, -1.607479
-13.594323, 4.998486, -1.598762, 1.783015, -0.010170, -13.607865, 5.276429, -1.596005
-13.600071, 4.666946, -1.603877, 1.764080, -0.003849, -13.617865, 4.919567, -1.601812
-13.643699, 4.381890, -1.609340, 1.596868, 0.022879, -13.629828, 4.580245, -1.607195
-13.640916, 4.126600, -1.609373, 1.685070, 0.020956, -13.638396, 4.283943, -1.594771
-13.644676, 3.833040, -1.594411, 1.706986, 0.008581, -13.641236, 3.972531, -1.575189
-13.642152, 3.425620, -1.563744, 1.672972, -0.012007, -13.639894, 3.643800, -1.564582
-13.617656, 3.121797, -1.571285, 1.731899, -0.032708, -13.638517, 3.290926, -1.570530
-13.627761, 2.792954, -1.609472, 1.602978, -0.007436, -13.644300, 2.954161, -1.597272
-13.641851, 2.485447, -1.627124, 1.577641, 0.007458, -13.654702, 2.687362, -1.611317
-13.658872, 2.121235, -1.614685, 1.509545, 0.041146, -13.667933, 2.366776, -1.610490
-13.669808, 1.807211, -1.610858, 1.624374, 0.090119, -13.673870, 2.028794, -1.577710
-13.681450, 1.494288, -1.561842, 1.450401, 0.119991, -13.662474, 1.737862, -1.515244
-13.603796, 1.232678, -1.461856, 1.442473, 0.099857, -13.628071, 1.473670, -1.426123
-13.510674, 0.931771, -1.353697, 1.220711, 0.097891, -13.563870, 1.189002, -1.335496
-13.405984, 0.689924, -1.265463, 1.013367, 0.094956, -13.483565, 0.935884, -1.255468
-13.300264, 0.532978, -1.215859, 0.963814, 0.123554, -13.417331, 0.769124, -1.202703
-13.208927, 0.351154, -1.137372, 0.853016, 0.153172, -13.335003, 0.597215, -1.136125
-13.107488, 0.215243, -1.063623, 0.955406, 0.226283, -13.241338, 0.439333, -1.055098
-12.973058, 0.087970, -0.960157, 1.208376, 0.329000, -13.131293, 0.296608, -0.942503
-12.830530, -0.015447, -0.799025, 1.414200, 0.377930, -13.015344, 0.188032, -0.800461
-12.653662, -0.077969, -0.588711, 1.478895, 0.317201, -12.814960, 0.067749, -0.553895
-12.410496, -0.088598, -0.367153, 1.478464, 0.187985, -12.587287, -0.005592, -0.320875
-12.166832, -0.088949, -0.177625, 1.450130, 0.072572, -12.318996, -0.044722, -0.142548
-11.885594, -0.059336, -0.078690, 1.490549, -0.014842, -12.050118, -0.059767, -0.057674
-11.548310, -0.048159, -0.052244, 1.547378, -0.037026, -11.782321, -0.070702, -0.047669
-11.311645, -0.082638, -0.069452, 1.569463, -0.005492, -11.520522, -0.087667, -0.069405
-11.005811, -0.099889, -0.091373, 1.651079, 0.018889, -11.184246, -0.116240, -0.084702
-10.706287, -0.123500, -0.084744, 1.561069, 0.031553, -10.900245, -0.138318, -0.073851
-10.420443, -0.149214, -0.062249, 1.731376, 0.037814, -10.579496, -0.156227, -0.048841
-10.086181, -0.169721, -0.024750, 1.713730, 0.025867, -10.246914, -0.163843, -0.013742
-9.720640, -0.159095, 0.010777, 1.625617, 0.002221, -9.923673, -0.161963, 0.011928
-9.362327, -0.129280, 0.015025, 1.511675, -0.012813, -9.634657, -0.156424, 0.019515
-9.099180, -0.127948, 0.019514, 1.467954, -0.017287, -9.340768, -0.151853, 0.012911
-8.798511, -0.150476, 0.002038, 1.608830, 0.005884, -9.013682, -0.151552, -0.003137
-8.496305, -0.127176, -0.015767, 1.653653, 0.007131, -8.721299, -0.153086, -0.003568
-8.148386, -0.111366, -0.009214, 1.721425, -0.000037, -8.382727, -0.152704, 0.002883
-7.939645, -0.117906, 0.002110, 1.839666, -0.009891, -8.115100, -0.151361, 0.004954
-7.664963, -0.119794, -0.001640, 1.835118, -0.009243, -7.803170, -0.150837, -0.000696
-7.347187, -0.112926, -0.026964, 1.933829, -0.001552, -7.423139, -0.153893, -0.011349
-6.897656, -0.150086, -0.030902, 1.890053, 0.019324, -7.070618, -0.159033, -0.015296
-6.674094, -0.147054, -0.012911, 1.915904, 0.018016, -6.702095, -0.162448, -0.003574
-6.207256, -0.148333, 0.016746, 1.543085, -0.001286, -6.320671, -0.159029, 0.016256
-5.822806, -0.118893, 0.014993, 1.410559, -0.015226, -6.007975, -0.153086, 0.019885
-5.491826, -0.133824, 0.020923, 1.466607, -0.012801, -5.742674, -0.149236, 0.012274
-5.297205, -0.149774, 0.011927, 1.576789, 0.004885, -5.469860, -0.148426, 0.001663
-4.966325, -0.129650, 0.004264, 1.595793, 0.002415, -5.166592, -0.148266, 0.002159
-4.592947, -0.126725, 0.008250, 1.625256, -0.006165, -4.866282, -0.146880, 0.004934
-4.308530, -0.123191, 0.005134, 1.606278, -0.005188, -4.568155, -0.145979, 0.001673
-4.035252, -0.108229, -0.004424, 1.700813, -0.008791, -4.285281, -0.146484, -0.002447
-3.685327, -0.111454, -0.020112, 1.690410, -0.002520, -3.909376, -0.149766, -0.011623
-3.360993, -0.147544, -0.029320, 1.635214, 0.024046, -3.592154, -0.154540, -0.015589
-2.995173, -0.128181, -0.006215, 1.590074, 0.014141, -3.314384, -0.156618, -0.002807
-2.682522, -0.144204, 0.018947, 1.423196, -0.002450, -2.951202, -0.152699, 0.014984
-2.417238, -0.144668, 0.023066, 1.583712, -0.005750, -2.697918, -0.148134, 0.017884
-2.177668, -0.144507, 0.023794, 1.727259, -0.008055, -2.384486, -0.143306, 0.014261
-1.891363, -0.133496, 0.016786, 1.703967, -0.009748, -2.108585, -0.141054, 0.006978
-1.548978, -0.109467, 0.002385, 1.440795, -0.014990, -1.810476, -0.140771, -0.000928
-1.151337, -0.122626, -0.027910, 1.126054, -0.001092, -1.467477, -0.144458, -0.014594
-0.937622, -0.146580, -0.030510, 1.003806, 0.017408, -1.276486, -0.147948, -0.017652
-0.739450, -0.136825, -0.023205, 0.945392, 0.012008, -1.034693, -0.150490, -0.009218
-0.580631, -0.114785, -0.006724, 0.940722, -0.006246, -0.861479, -0.150498, -0.002342
-0.423660, -0.106001, -0.007092, 0.915606, -0.008737, -0.664930, -0.150974, -0.003515
-0.259128, -0.111946, -0.017308, 1.306191, -0.029226, -0.484198, -0.152594, -0.007921
-0.034103, -0.152243, -0.027758, 1.427651, -0.000076, -0.307500, -0.156778, -0.019891
0.205613, -0.175774, -0.027555, 1.404168, 0.016727, -0.076188, -0.163653, -0.026701
0.463286, -0.178339, -0.030739, 1.435382, 0.022887, 0.165188, -0.168452, -0.018296
0.693087, -0.129796, -0.009166, 1.716549, 0.003687, 0.455594, -0.169051, 0.000429
0.887821, -0.137114, 0.004581, 1.916958, -0.005966, 0.710613, -0.166943, 0.007335
1.164507, -0.143307, 0.004059, 1.995498, 0.001812, 1.005588, -0.165264, 0.004320
1.465648, -0.143013, -0.000481, 1.998320, 0.003748, 1.370936, -0.163791, 0.004659
2.009388, -0.151035, 0.017102, 1.496391, 0.007331, 1.716323, -0.161555, 0.007589
2.302781, -0.164871, 0.021098, 1.624230, 0.010911, 1.976019, -0.158380, 0.013784
2.555076, -0.169577, 0.024858, 1.752005, 0.013806, 2.310698, -0.151618, 0.022428
2.862510, -0.141500, 0.029913, 1.753771, 0.001072, 2.635823, -0.141287, 0.034838
3.175323, -0.102336, 0.030834, 1.723175, -0.017632, 2.950524, -0.129478, 0.037307
3.511793, -0.104390, 0.018537, 1.657522, -0.008080, 3.248161, -0.120418, 0.026131
3.783569, -0.121927, 0.018595, 1.617900, 0.011966, 3.583795, -0.114266, 0.016046
4.210163, -0.117831, 0.017217, 1.597730, 0.011650, 3.927550, -0.107430, 0.023208
4.487399, -0.105441, 0.022530, 1.581575, 0.004129, 4.254699, -0.097097, 0.034419
4.828600, -0.073360, 0.031720, 1.399437, -0.025177, 4.550967, -0.085582, 0.039575
5.150508, -0.063529, 0.026428, 1.395840, -0.027611, 4.824021, -0.077107, 0.026758
5.388414, -0.062528, 0.010069, 1.624687, -0.015591, 5.124998, -0.074712, 0.003664
5.674148, -0.051858, -0.027840, 1.752174, -0.013259, 5.371570, -0.076930, -0.009270
5.986522, -0.085821, -0.027734, 1.881285, 0.008172, 5.677260, -0.082953, -0.022277
6.250658, -0.086257, -0.027513, 1.843210, 0.003876, 5.999504, -0.090264, -0.020323
6.525281, -0.103718, -0.029531, 1.961777, 0.011352, 6.383237, -0.096423, -0.014313
6.971825, -0.093785, -0.020239, 1.995650, 0.014778, 6.732726, -0.099515, -0.005495
7.321923, -0.067717, -0.008736, 1.855727, -0.002409, 7.090948, -0.098281, 0.008443
7.654299, -0.076116, 0.011622, 1.668069, 0.022778, 7.442687, -0.094530, 0.010533
8.034706, -0.100961, 0.008911, 1.580443, 0.085898, 7.748448, -0.088773, 0.024291
8.347199, -0.041268, 0.061432, 1.416179, 0.090918, 8.113089, -0.065804, 0.088661
8.655717, 0.005654, 0.144620, 1.209558, 0.119543, 8.375977, -0.026541, 0.160292
8.884029, 0.101608, 0.239206, 0.866247, 0.088372, 8.604859, 0.028609, 0.241851
9.054422, 0.193586, 0.300504, 0.802181, 0.114316, 8.779553, 0.084372, 0.296907
9.183321, 0.243732, 0.346103, 0.933891, 0.200369, 8.924241, 0.140566, 0.348531
9.303231, 0.324671, 0.417602, 1.109035, 0.307019, 9.068365, 0.212277, 0.432673
9.409932, 0.416967, 0.534487, 1.366667, 0.399815, 9.207212, 0.309820, 0.571439
9.533357, 0.638234, 0.781198, 1.458822, 0.399928, 9.354137, 0.473523, 0.815785
9.586554, 0.838104, 1.007011, 1.356342, 0.304360, 9.457298, 0.673035, 1.076765
9.603688, 1.136832, 1.274995, 1.196455, 0.152030, 9.518433, 0.905210, 1.307571
9.568597, 1.335409, 1.424547, 1.252265, 0.029936, 9.540604, 1.128776, 1.454792
9.564038, 1.579801, 1.487004, 1.424408, -0.008125, 9.553939, 1.356342, 1.499550
9.562980, 1.785693, 1.489403, 1.638520, -0.010335, 9.568983, 1.585005, 1.501758
9.588590, 2.093371, 1.489521, 1.703942, 0.001637, 9.591788, 1.882549, 1.492834
9.626769, 2.403147, 1.496547, 1.751265, 0.012046, 9.614321, 2.163074, 1.491491
9.644389, 2.722319, 1.501679, 1.674253, 0.010411, 9.637712, 2.481571, 1.500186
9.653094, 2.993477, 1.509446, 1.943009, 0.007664, 9.658914, 2.815723, 1.510124
9.672046, 3.261247, 1.489200, 1.986978, 0.024928, 9.676229, 3.130921, 1.517713
9.710361, 3.666047, 1.527793, 1.689481, 0.020684, 9.689357, 3.451405, 1.536154
9.674173, 4.047290, 1.555021, 1.682174, -0.009015, 9.695780, 3.848488, 1.563494
9.681639, 4.362077, 1.541055, 1.601504, 0.004170, 9.697816, 4.180270, 1.562578
9.711018, 4.705494, 1.554579, 1.607762, 0.023071, 9.700050, 4.445413, 1.563252
9.691970, 5.060532, 1.574298, 1.397871, -0.008687, 9.699191, 4.766559, 1.578911
9.660734, 5.349814, 1.578730, 1.583022, -0.037928, 9.695495, 5.081086, 1.580440
9.679072, 5.635675, 1.543156, 1.525111, -0.036324, 9.698282, 5.377781, 1.554298
9.695028, 5.904399, 1.529108, 1.551972, -0.020527, 9.709438, 5.647293, 1.525299
9.704918, 6.237611, 1.509966, 1.464178, -0.003267, 9.729043, 5.947656, 1.502599
9.754460, 6.484259, 1.494308, 1.293034, 0.047399, 9.751172, 6.240682, 1.495466
9.758835, 6.761558, 1.516064, 1.328440, 0.076589, 9.765436, 6.504941, 1.523238
9.781819, 6.998885, 1.536716, 1.378860, 0.123557, 9.765967, 6.766930, 1.575557
9.745734, 7.257331, 1.618497, 1.238258, 0.116048, 9.746351, 7.015376, 1.658270
9.686918, 7.487329, 1.715456, 1.238558, 0.128835, 9.703902, 7.260685, 1.746096
9.594552, 7.713110, 1.818247, 1.102650, 0.116674, 9.647302, 7.474670, 1.828679
9.487840, 7.881771, 1.899182, 1.059946, 0.124616, 9.568638, 7.693350, 1.913674
9.366054, 8.132126, 1.986049, 0.817579, 0.135201, 9.484370, 7.878515, 1.988508
9.271144, 8.258226, 2.056671, 0.911530, 0.202009, 9.389939, 8.046427, 2.067404
9.152165, 8.395153, 2.144404, 1.124380, 0.310236, 9.302014, 8.170340, 2.152745
9.027909, 8.498940, 2.278327, 1.362809, 0.381365, 9.170083, 8.305962, 2.310723
8.876573, 8.575786, 2.459938, 1.431416, 0.353084, 9.021565, 8.406032, 2.495284
8.589373, 8.627503, 2.748201, 1.296346, 0.235736, 8.795697, 8.495294, 2.756622
8.331509, 8.603360, 2.954713, 1.191269, 0.091234, 8.539267, 8.540928, 2.962465
8.093015, 8.576906, 3.051881, 1.413019, 0.024388, 8.305516, 8.555651, 3.066184
7.863602, 8.561983, 3.089355, 1.454369, -0.016597, 8.065241, 8.565251, 3.095866
7.550924, 8.568841, 3.092853, 1.614900, -0.016787, 7.827020, 8.576002, 3.092937
7.288101, 8.595608, 3.077383, 1.707773, 0.005853, 7.513895, 8.595412, 3.077253
6.994998, 8.609626, 3.070209, 1.815886, 0.024187, 7.211076, 8.615802, 3.076505
6.746327, 8.634917, 3.088172, 1.841724, 0.026672, 6.947172, 8.630377, 3.090276
6.376105, 8.646360, 3.111011, 1.800230, 0.015908, 6.598006, 8.642072, 3.115210
6.045185, 8.622763, 3.123381, 1.806877, 0.004778, 6.220423, 8.646217, 3.136456
5.690357, 8.627563, -3.138759, 1.806287, -0.010071, 5.865750, 8.645820, -3.138536
5.354672, 8.637026, -3.139650, 1.661321, -0.004614, 5.541495, 8.645811, 3.138929
5.051187, 8.627443, 3.128815, 1.633078, 0.004397, 5.181773, 8.648219, 3.133561
4.689461, 8.634837, 3.126832, 1.580664, 0.010337, 4.872087, 8.650708, 3.134616
4.375260, 8.631964, 3.137598, 1.638521, 0.008232, 4.558462, 8.651255, -3.141511
4.042904, 8.640005, -3.132661, 1.583518, 0.006270, 4.279300, 8.649820, -3.135504
3.719198, 8.638566, -3.125396, 1.509656, 0.000035, 3.928378, 8.645970, -3.128854
3.416658, 8.635509, -3.120547, 1.421068, -0.003502, 3.597565, 8.641344, -3.127676
3.167423, 8.632414, -3.120804, 1.529301, -0.004735, 3.341789, 8.638158, -3.129644
2.820436, 8.621316, -3.130322, 1.570634, -0.003342, 3.021018, 8.635473, -3.134174
2.549525, 8.612802, -3.134679, 1.665224, -0.001972, 2.749224, 8.634158, -3.137120
2.266962, 8.601564, -3.140853, 1.791236, -0.005954, 2.432068, 8.633281, -3.139159
1.996750, 8.589940, 3.133494, 1.831649, -0.006161, 2.174219, 8.633405, 3.140238
1.690047, 8.587209, 3.123641, 1.889814, -0.001007, 1.809674, 8.635375, 3.134380
1.354859, 8.607985, 3.115555, 1.850858, 0.016940, 1.427371, 8.639050, 3.131526
0.944967, 8.599219, 3.132011, 1.942613, 0.018035, 1.060340, 8.640472, -3.139271
0.627323, 8.624678, -3.125722, 1.821898, 0.001357, 0.715810, 8.635001, -3.120352
0.257096, 8.618161, -3.120951, 1.741077, -0.001810, 0.359652, 8.625934, -3.115208
-0.105519, 8.599836, -3.121998, 1.527639, -0.011515, 0.011919, 8.617064, -3.116739
-0.446756, 8.605560, -3.126567, 1.435624, -0.012282, -0.251250, 8.612327, -3.126090
-0.688993, 8.602009, -3.127650, 1.508148, -0.016523, -0.582080, 8.610309, -3.138240
-0.984524, 8.568981, 3.131324, 1.560517, -0.020145, -0.843845, 8.611851, 3.133859
-1.299788, 8.616617, 3.114194, 1.743901, 0.012360, -1.161476, 8.618725, 3.115983
-1.641649, 8.639899, 3.110251, 1.689149, 0.029244, -1.464207, 8.626247, 3.120282
-1.975001, 8.600618, 3.128719, 1.512991, 0.007732, -1.771888, 8.627939, -3.140549
-2.220354, 8.621143, -3.119317, 1.666834, -0.010592, -2.076043, 8.624344, -3.127869
-2.508784, 8.619052, -3.120625, 1.777888, -0.009172, -2.394091, 8.620657, -3.132740
-2.842759, 8.595307, -3.137063, 1.854743, -0.010356, -2.715739, 8.619933, -3.141354
-3.194723, 8.583024, 3.123460, 1.724966, -0.006506, -3.054398, 8.622200, 3.132043
-3.404618, 8.614854, 3.113784, 1.797645, 0.016902, -3.360147, 8.626680, 3.125261
-3.785841, 8.618477, 3.125382, 1.796688, 0.014951, -3.759930, 8.630664, 3.137674
-4.182675, 8.602048, -3.138701, 1.790041, -0.014580, -4.103204, 8.628453, -3.130364
-4.450604, 8.607407, -3.138000, 1.875628, -0.015798, -4.436102, 8.625738, -3.137815
-4.940733, 8.604914, 3.116250, 1.731801, -0.003619, -4.820496, 8.628460, 3.128512
-5.353673, 8.628062, 3.110051, 1.603908, 0.013355, -5.110636, 8.634026, 3.120644
-5.581574, 8.638005, 3.110686, 1.621750, 0.024431, -5.455482, 8.639496, 3.129485
-5.994597, 8.634580, 3.137218, 1.520085, 0.009801, -5.766477, 8.638716, -3.133474
-6.271463, 8.623415, -3.117961, 1.601121, -0.001337, -6.085924, 8.632695, -3.120818
-6.590406, 8.633904, -3.115983, 1.630583, 0.010778, -6.333308, 8.627231, -3.120277
-6.861252, 8.637528, -3.112715, 1.692204, 0.017925, -6.680719, 8.618520, -3.113552
-7.158780, 8.599346, -3.100431, 1.722876, -0.004359, -7.001756, 8.606228, -3.099099
-7.523641, 8.563094, -3.101201, 1.727209, -0.032809, -7.339939, 8.590779, -3.097147
-7.898263, 8.554851, -3.126172, 1.635047, -0.037063, -7.671321, 8.581468, -3.122808
-8.170996, 8.540020, 3.130667, 1.591981, -0.034964, -7.982202, 8.583045, 3.127563
-8.463820, 8.593412, 3.098200, 1.614512, 0.003170, -8.292878, 8.594867, 3.095234
-8.857720, 8.587396, 3.083568, 1.444928, 0.019428, -8.612554, 8.612908, 3.085641
-9.150214, 8.598633, 3.091781, 1.474800, 0.019044, -8.903869, 8.625859, 3.100226
-9.476877, 8.629478, 3.112406, 1.475018, 0.021893, -9.191114, 8.633910, 3.116255
-9.721270, 8.639942, 3.118640, 1.517969, 0.023438, -9.441977, 8.636861, 3.131855
-10.057072, 8.609911, -3.133834, 1.596449, -0.010728, -9.801663, 8.633828, -3.127021
-10.296370, 8.636006, -3.127660, 1.657584, 0.005805, -10.082794, 8.629074, -3.127568
-10.589914, 8.629736, -3.137134, 1.755663, 0.019578, -10.338696, 8.625601, -3.126829
-10.954927, 8.624544, -3.123267, 1.882305, 0.024885, -10.703208, 8.616694, -3.111227
-11.274147, 8.569226, -3.094084, 1.912910, 0.009492, -11.045719, 8.600788, -3.088244
-11.645382, 8.550907, -3.087139, 1.720932, 0.026207, -11.437156, 8.575884, -3.074420
-11.993631, 8.540788, -3.075156, 1.520355, 0.068380, -11.784337, 8.548120, -3.053741
-12.283731, 8.493370, -3.026955, 1.343736, 0.089570, -12.035285, 8.518020, -3.011642
-12.556058, 8.427834, -2.965705, 1.191417, 0.105386, -12.297979, 8.468108, -2.942946
-12.810151, 8.306096, -2.858682, 0.978963, 0.093547, -12.546381, 8.398587, -2.862986
-12.969284, 8.212936, -2.806037, 0.993468, 0.131703, -12.699427, 8.344405, -2.814817
-13.175561, 8.128049, -2.743973, 0.848213, 0.167784, -12.875141, 8.269072, -2.747247
-13.256988, 8.033823, -2.670622, 0.999880, 0.256639, -13.039816, 8.178811, -2.658690
-13.407085, 7.921992, -2.553910, 1.298710, 0.399538, -13.184899, 8.070884, -2.532865
-13.522497, 7.696363, -2.333540, 1.444148, 0.399903, -13.327841, 7.903300, -2.296918
-13.554679, 7.512004, -2.111896, 1.438978, 0.316050, -13.408123, 7.746316, -2.092607
-13.567172, 7.316580, -1.915479, 1.460733, 0.184412, -13.472975, 7.509018, -1.844295
-13.511554, 7.003404, -1.698229, 1.496287, 0.040143, -13.498721, 7.227277, -1.656212
-13.491562, 6.741044, -1.599183, 1.493344, -0.048925, -13.502581, 6.956673, -1.591112
-13.510179, 6.406228, -1.597880, 1.346617, -0.041597, -13.508951, 6.722822, -1.606306
-13.523506, 6.208360, -1.640582, 1.585995, -0.007413, -13.527828, 6.443698, -1.643002
-13.538000, 5.852092, -1.657879, 1.568779, 0.015841, -13.554378, 6.140670, -1.657291
-13.580050, 5.608338, -1.658343, 1.560126, 0.024750, -13.578989, 5.836671, -1.647955
-13.614463, 5.271174, -1.632894, 1.574979, 0.025356, -13.596340, 5.562017, -1.630300
-13.610356, 4.975446, -1.601162, 1.624578, 0.004657, -13.609425, 5.252283, -1.608117
-13.603197, 4.715296, -1.602466, 1.649176, -0.001794, -13.618992, 4.919098, -1.598933
-13.612711, 4.391045, -1.614503, 1.783419, -0.001768, -13.626539, 4.652992, -1.599713
-13.641223, 4.059435, -1.608757, 1.649610, 0.019472, -13.637752, 4.282041, -1.601564
-13.655164, 3.752057, -1.600782, 1.720982, 0.016689, -13.644853, 3.981874, -1.589999
-13.653758, 3.463169, -1.570680, 1.715522, -0.001397, -13.647238, 3.668969, -1.574584
-13.628078, 3.131823, -1.558504, 1.715424, -0.028949, -13.646525, 3.337027, -1.568493
-13.631048, 2.775708, -1.596745, 1.604829, -0.013920, -13.649718, 2.950914, -1.588661
-13.650898, 2.424219, -1.631462, 1.631914, 0.005931, -13.659223, 2.646133, -1.605429
-13.650947, 2.096571, -1.614463, 1.598618, 0.042625, -13.670676, 2.324747, -1.604784
-13.652532, 1.779549, -1.610980, 1.465253, 0.078202, -13.675207, 1.999637, -1.573778
-13.664628, 1.443574, -1.552552, 1.436662, 0.118236, -13.662585, 1.708891, -1.512671
-13.602438, 1.231313, -1.465210, 1.369938, 0.097404, -13.627420, 1.435734, -1.425213
-13.500471, 0.896279, -1.355172, 1.132016, 0.089875, -13.567863, 1.170799, -1.340867
-13.411570, 0.671687, -1.270093, 1.007161, 0.106445, -13.501033, 0.950210, -1.276715
-13.312582, 0.530084, -1.229587, 1.021609, 0.137651, -13.423751, 0.749829, -1.209100
-13.228526, 0.352830, -1.153887, 0.900375, 0.172975, -13.347448, 0.589983, -1.141068
-13.114563, 0.206268, -1.059117, 1.172440, 0.285300, -13.243061, 0.419188, -1.039821
-12.991230, 0.074202, -0.936675, 1.289021, 0.355471, -13.131144, 0.284920, -0.907647
-12.804348, -0.014908, -0.727129, 1.333372, 0.328231, -12.990764, 0.170155, -0.727977
-12.588724, -0.070531, -0.535571, 1.324348, 0.256622, -12.776203, 0.057630, -0.489182
-12.350413, -0.089779, -0.323605, 1.381033, 0.155498, -12.518253, -0.015786, -0.272787
-12.116092, -0.082223, -0.176852, 1.449121, 0.064652, -12.291388, -0.046970, -0.146147
-11.886094, -0.089089, -0.081970, 1.485026, 0.002895, -12.032154, -0.066755, -0.079144
-11.575351, -0.083577, -0.065999, 1.477685, -0.010020, -11.769940, -0.082072, -0.062241
-11.262883, -0.109623, -0.070090, 1.531898, 0.008333, -11.470384, -0.101992, -0.068586
-10.973785, -0.132040, -0.069089, 1.568201, 0.021145, -11.196586, -0.120456, -0.065503
-10.682447, -0.148319, -0.055702, 1.625045, 0.027809, -10.899149, -0.136639, -0.050901
-10.363385, -0.146450, -0.033639, 1.492675, 0.016464, -10.624616, -0.145581, -0.028602
-10.090331, -0.146741, -0.017610, 1.708258, 0.015632, -10.288747, -0.149866, -0.009252
-9.797504, -0.136057, 0.002567, 1.751933, -0.004697, -9.982235, -0.148896, 0.006656
-9.479129, -0.144867, 0.013463, 1.741817, -0.008494, -9.660839, -0.145929, 0.007652
-9.166073, -0.144091, 0.003930, 1.621968, -0.000067, -9.358428, -0.145119, 0.000419
-8.783264, -0.137728, -0.004832, 1.482010, 0.004283, -9.053541, -0.145769, -0.002150
-8.494197, -0.117760, -0.010412, 1.649403, 0.001890, -8.713488, -0.146013, 0.000818
-8.246155, -0.106667, -0.008716, 1.738815, -0.006676, -8.464687, -0.145517, 0.001692
-7.952760, -0.097209, -0.013783, 1.777720, -0.010546, -8.135780, -0.145676, -0.001802
-7.611714, -0.114561, -0.024071, 1.864911, -0.001027, -7.810081, -0.148564, -0.011647
-7.293914, -0.144087, -0.030388, 1.876655, 0.019522, -7.422942, -0.154717, -0.016725
-6.985133, -0.141529, -0.025963, 1.826264, 0.016044, -7.075507, -0.157970, -0.003530
-6.560599, -0.149787, 0.016435, 1.798821, -0.006084, -6.733660, -0.155263, 0.013208
-6.190030, -0.142019, 0.022815, 1.512705, -0.009794, -6.403968, -0.150473, 0.012994
-5.948059, -0.144140, 0.012266, 1.581972, -0.002167, -6.050447, -0.147947, 0.004047
-5.539378, -0.133109, 0.006420, 1.443711, -0.000805, -5.710824, -0.147561, 0.000789
-5.232563, -0.139260, 0.004004, 1.539511, 0.002740, -5.437187, -0.147585, -0.000303
-4.920222, -0.125567, 0.003878, 1.552829, 0.000845, -5.152499, -0.147352, 0.001343
-4.651940, -0.113519, 0.000582, 1.750873, -0.006064, -4.904638, -0.146771, 0.002339
-4.344788, -0.113776, 0.003994, 1.825522, -0.007229, -4.606982, -0.146333, 0.000411
-3.970662, -0.104207, -0.016274, 1.741224, -0.006321, -4.244399, -0.148175, -0.007230
-3.665619, -0.127684, -0.024407, 1.608764, 0.010700, -3.904495, -0.152039, -0.013112
-3.331299, -0.134879, -0.016778, 1.460225, 0.010659, -3.613966, -0.154799, -0.007054
-3.060478, -0.116378, -0.001551, 1.587129, -0.006522, -3.291444, -0.154515, 0.003353
-2.748789, -0.126878, 0.004286, 1.546420, -0.005681, -3.010160, -0.153530, 0.001788
-2.441512, -0.116457, -0.004119, 1.805653, -0.006208, -2.670097, -0.154304, -0.003566
-2.196862, -0.120321, -0.018945, 1.811101, -0.000920, -2.353735, -0.156642, -0.008669
-1.872780, -0.134732, -0.023507, 1.839679, 0.014289, -2.005534, -0.160338, -0.010818
-1.554129, -0.130158, -0.009815, 1.451894, 0.003580, -1.721352, -0.161831, -0.002208
-1.153883, -0.131437, 0.004927, 1.090117, -0.004506, -1.406414, -0.160896, 0.004019
-0.949270, -0.126958, 0.001281, 0.963245, -0.003013, -1.180194, -0.160657, 0.000654
-0.767325, -0.121299, -0.004379, 1.026484, -0.003861, -0.999499, -0.160945, -0.001082
-0.565115, -0.118644, -0.007544, 0.897578, -0.004714, -0.805621, -0.161588, -0.002994
-0.399540, -0.116175, -0.010526, 0.787373, -0.004214, -0.625146, -0.162401, -0.004093
-0.239377, -0.116873, -0.015574, 1.329172, -0.025236, -0.462103, -0.163513, -0.006109
-0.090819, -0.141822, -0.027683, 1.573866, -0.008433, -0.295165, -0.166811, -0.016856
0.101013, -0.181514, -0.032377, 1.557415, 0.021149, -0.085619, -0.172340, -0.023822
0.369479, -0.181998, -0.026359, 1.651850, 0.023007, 0.146364, -0.176488, -0.015306
0.577360, -0.134913, -0.007352, 1.916350, -0.003328, 0.451090, -0.176244, 0.003567
0.855217, -0.147348, 0.005156, 1.995096, -0.001678, 0.750690, -0.174283, 0.005094
1.285703, -0.146247, -0.004815, 1.968820, 0.006502, 1.085016, -0.173016, 0.003404
1.761475, -0.172399, 0.015563, 1.398329, 0.021052, 1.463796, -0.170849, 0.008024
2.060057, -0.175878, 0.024783, 1.384371, 0.018708, 1.741872, -0.165617, 0.022683
2.254225, -0.160549, 0.032128, 1.621616, 0.009941, 2.011735, -0.156025, 0.037314
2.511619, -0.114266, 0.045469, 1.847354, -0.026276, 2.283111, -0.143372, 0.047157
2.812224, -0.098552, 0.029791, 1.851833, -0.027826, 2.598434, -0.131176, 0.032328
3.152816, -0.106382, 0.008411, 1.713116, -0.002948, 2.940861, -0.126782, 0.005497
3.485776, -0.081334, -0.005533, 1.741737, -0.002792, 3.270858, -0.127991, -0.005122
3.860322, -0.082221, -0.011795, 1.451423, 0.008810, 3.563841, -0.129987, -0.007492
4.136596, -0.088834, -0.005556, 1.518316, 0.009966, 3.874643, -0.131489, -0.002870
4.444281, -0.102348, 0.004494, 1.557025, 0.006824, 4.168285, -0.130485, 0.004837
4.720032, -0.122231, 0.011830, 1.674887, 0.010425, 4.494692, -0.126874, 0.012392
4.968688, -0.129473, 0.018008, 1.815769, 0.009714, 4.768517, -0.121766, 0.020422
5.303720, -0.108084, 0.024213, 1.864004, -0.003359, 5.150187, -0.110620, 0.032519
5.642125, -0.060668, 0.030161, 1.939439, -0.031145, 5.474033, -0.099766, 0.032582
5.967521, -0.082341, 0.012752, 1.862915, -0.016054, 5.821289, -0.093508, 0.008497
6.329917, -0.036947, -0.005484, 1.666622, -0.035823, 6.133416, -0.094923, -0.009552
6.767822, -0.108931, -0.037462, 1.631897, 0.014934, 6.512361, -0.105991, -0.042128
7.108058, -0.127673, -0.049212, 1.499911, 0.041064, 6.847539, -0.121226, -0.041204
7.378896, -0.128561, -0.023421, 1.624090, 0.044688, 7.137422, -0.126572, -0.010533
7.687758, -0.115771, 0.002885, 1.598285, 0.050154, 7.428173, -0.121075, 0.026350
7.978322, -0.075795, 0.054937, 1.611105, 0.042942, 7.717790, -0.104193, 0.067054
8.253342, -0.040294, 0.088274, 1.539998, 0.066496, 8.071851, -0.067775, 0.114375
8.596309, 0.005374, 0.143803, 1.199613, 0.095136, 8.352638, -0.024811, 0.164053
8.861198, 0.108730, 0.235924, 0.985915, 0.099190, 8.598661, 0.031577, 0.234292
9.055300, 0.188070, 0.298001, 0.826632, 0.121518, 8.802773, 0.095760, 0.298877
9.187991, 0.244912, 0.345688, 0.931273, 0.200855, 8.934468, 0.147491, 0.350118
9.353471, 0.340683, 0.429739, 1.052867, 0.297353, 9.097116, 0.229564, 0.445493
9.454927, 0.447207, 0.560334, 1.322654, 0.399847, 9.241842, 0.333550, 0.587589
9.531827, 0.614877, 0.754003, 1.380483, 0.399572, 9.364742, 0.466997, 0.783183
9.599848, 0.849106, 1.021840, 1.275586, 0.291839, 9.483367, 0.687920, 1.075301
9.623010, 1.043645, 1.217838, 1.292298, 0.180419, 9.541227, 0.899900, 1.284891
9.610145, 1.300233, 1.400097, 1.331105, 0.068024, 9.571632, 1.143479, 1.439592
9.589685, 1.628632, 1.509900, 1.473980, 0.002477, 9.582810, 1.380289, 1.514278
9.589662, 1.890945, 1.531176, 1.495073, -0.024478, 9.591884, 1.675104, 1.535242
9.584876, 2.149165, 1.503380, 1.561619, -0.018836, 9.602678, 1.914112, 1.523282
9.604996, 2.418275, 1.501568, 1.536615, -0.004282, 9.621816, 2.215794, 1.504948
9.640868, 2.697314, 1.501010, 1.652540, 0.005672, 9.642555, 2.503912, 1.499350
9.654460, 2.977791, 1.488406, 1.812803, 0.018891, 9.665346, 2.824322, 1.501377
9.690179, 3.315742, 1.490014, 1.787118, 0.033151, 9.682160, 3.098251, 1.512709
9.710876, 3.763441, 1.541047, 1.611124, 0.021420, 9.695988, 3.458658, 1.542459
9.674377, 4.015983, 1.559798, 1.821248, -0.007198, 9.699554, 3.780178, 1.565114
9.692246, 4.259720, 1.574777, 1.788439, -0.004112, 9.699656, 4.080995, 1.568820
9.701949, 4.656445, 1.547324, 1.602051, 0.019330, 9.701820, 4.417453, 1.562896
9.691765, 5.063115, 1.572157, 1.470250, -0.001266, 9.702198, 4.773082, 1.575323
9.673309, 5.290034, 1.577017, 1.622907, -0.031929, 9.699831, 5.049815, 1.579697
9.684193, 5.598271, 1.543023, 1.628433, -0.033053, 9.701595, 5.365903, 1.557654
9.702556, 5.902240, 1.536050, 1.571290, -0.017840, 9.711900, 5.658945, 1.529459
9.708775, 6.242387, 1.520603, 1.273544, -0.007339, 9.727934, 5.938934, 1.511163
9.727223, 6.517224, 1.504067, 1.294079, 0.029301, 9.746834, 6.218138, 1.502258
9.744616, 6.763793, 1.514866, 1.291705, 0.064359, 9.762363, 6.487902, 1.517854
9.770551, 7.002480, 1.529434, 1.279974, 0.113398, 9.766348, 6.736126, 1.559495
9.760185, 7.233124, 1.604665, 1.307065, 0.132368, 9.752825, 6.979329, 1.633043
9.693578, 7.510192, 1.716685, 1.280074, 0.144267, 9.717006, 7.219977, 1.724065
9.579881, 7.737242, 1.831659, 1.190405, 0.135766, 9.641407, 7.504805, 1.846214
9.471283, 7.949196, 1.923369, 1.011277, 0.121229, 9.563826, 7.706105, 1.934674
9.369954, 8.136023, 2.013165, 0.848724, 0.138449, 9.479224, 7.881385, 2.008516
9.251570, 8.250103, 2.073876, 0.969148, 0.202172, 9.387062, 8.037869, 2.083635
9.139457, 8.381800, 2.168903, 1.109784, 0.286153, 9.284673, 8.176110, 2.180086
9.016232, 8.500975, 2.286370, 1.305389, 0.364450, 9.156650, 8.304143, 2.322632
8.831054, 8.578643, 2.493737, 1.381772, 0.335658, 8.989190, 8.414757, 2.527538
8.603977, 8.602252, 2.715492, 1.330528, 0.236056, 8.764960, 8.500464, 2.766229
8.363586, 8.597282, 2.896746, 1.252826, 0.106453, 8.541175, 8.541922, 2.945483
8.069186, 8.599204, 3.049190, 1.363424, 0.033116, 8.283380, 8.561782, 3.058191
7.789079, 8.568351, 3.098341, 1.580861, -0.008549, 8.031106, 8.570707, 3.101503
7.549906, 8.580866, 3.105836, 1.560636, -0.015800, 7.746399, 8.580617, 3.103088
7.255588, 8.574579, 3.087353, 1.757645, -0.009532, 7.441211, 8.595359, 3.090381
6.973209, 8.609222, 3.082159, 1.828064, 0.013224, 7.146395, 8.612576, 3.081962
6.737292, 8.631384, 3.078370, 1.821349, 0.030830, 6.916063, 8.626349, 3.083660
6.344186, 8.635674, 3.102106, 1.725997, 0.019031, 6.537431, 8.642396, 3.108576
5.979625, 8.634207, 3.115288, 1.636094, 0.011446, 6.174457, 8.648241, 3.132130
5.747097, 8.628939, 3.138967, 1.705284, -0.006862, 5.874788, 8.648705, -3.140380
5.385252, 8.636623, -3.137628, 1.624097, -0.003757, 5.556860, 8.648140, 3.141473
5.002638, 8.634144, 3.132055, 1.683478, 0.000720, 5.233362, 8.649226, 3.137426
4.726453, 8.640265, 3.134166, 1.579709, 0.010813, 4.898405, 8.650753, 3.137929
4.357540, 8.645369, -3.131717, 1.620107, 0.005261, 4.576801, 8.649489, -3.134976
4.060667, 8.641897, -3.124133, 1.525740, 0.003062, 4.261193, 8.646164, -3.130059
3.720046, 8.627293, -3.119770, 1.490518, -0.007813, 3.947525, 8.641789, -3.127007
3.441155, 8.633095, -3.123953, 1.472018, -0.003521, 3.674475, 8.638579, -3.131263
3.158226, 8.625884, -3.130167, 1.423270, -0.000787, 3.402770, 8.636703, -3.134975
2.853093, 8.607991, -3.138551, 1.516612, -0.004651, 3.115764, 8.635236, -3.136503
2.565738, 8.600192, 3.139452, 1.677047, -0.005837, 2.778964, 8.634187, -3.139405
2.295052, 8.590706, 3.128725, 1.758606, -0.002550, 2.494425, 8.634909, 3.138192
1.984466, 8.592038, 3.118845, 1.784714, 0.004982, 2.184755, 8.636784, 3.135245
1.711849, 8.591997, 3.125078, 1.847732, 0.001452, 1.898861, 8.638248, 3.137549
1.334298, 8.596135, 3.137228, 1.918799, -0.002041, 1.559547, 8.638784, 3.140533
0.988422, 8.595823, 3.136253, 1.900839, 0.000974, 1.124808, 8.639347, 3.139397
0.591538, 8.600141, 3.135236, 1.682589, 0.002780, 0.790554, 8.640019, 3.139864
0.239313, 8.598589, 3.134960, 1.631264, 0.003985, 0.476059, 8.640364, 3.141078
0.009602, 8.603576, -3.140136, 1.646536, -0.000742, 0.137810, 8.639589, -3.138158
-0.323154, 8.621692, -3.133987, 1.724168, -0.000145, -0.143174, 8.638293, -3.136873
-0.649250, 8.619481, -3.130315, 1.686403, -0.003232, -0.463117, 8.636752, -3.136739
-0.971276, 8.607700, -3.137822, 1.730581, -0.007945, -0.827838, 8.635462, -3.139075
-1.279089, 8.594289, 3.138200, 1.675327, -0.008882, -1.182604, 8.635835, 3.138529
-1.597490, 8.603435, 3.118908, 1.670951, 0.000956, -1.512150, 8.638653, 3.130693
-1.906844, 8.619293, 3.118212, 1.864886, 0.017550, -1.816213, 8.642356, 3.129730
-2.266148, 8.607225, 3.137294, 1.806775, 0.006445, -2.202694, 8.643570, -3.138699
-2.584399, 8.627988, -3.127139, 1.532070, -0.000115, -2.525300, 8.640354, -3.129097
-2.963804, 8.633793, -3.120513, 1.567572, -0.001978, -2.875427, 8.635400, -3.126789
-3.284299, 8.619484, -3.125641, 1.345152, -0.005191, -3.103012, 8.632145, -3.127547
-3.568844, 8.607984, -3.128677, 1.418499, -0.011157, -3.381674, 8.628953, -3.131020
-3.803219, 8.598901, -3.137285, 1.658606, -0.013439, -3.695543, 8.627706, -3.139638
-4.140206, 8.586042, 3.130494, 1.794551, -0.012213, -3.987499, 8.629895, 3.132005
-4.488284, 8.636365, 3.112035, 1.941453, 0.013975, -4.315903, 8.636188, 3.120045
-4.749742, 8.645712, 3.109940, 1.999474, 0.024665, -4.640444, 8.641887, 3.127564
-5.187292, 8.616366, 3.123200, 1.947578, -0.001526, -4.916020, 8.642571, -3.139151
-5.494222, 8.621675, -3.130891, 1.976801, -0.008436, -5.341606, 8.636921, -3.127298
-5.727381, 8.620577, -3.136761, 1.998564, -0.000999, -5.707880, 8.633769, -3.136402
-6.198611, 8.623465, 3.137073, 1.675632, 0.013774, -6.094332, 8.632686, -3.139636
-6.683644, 8.619642, -3.125168, 1.385925, 0.009773, -6.391707, 8.630443, -3.130742
-6.987054, 8.637586, -3.116933, 1.463587, 0.019572, -6.740542, 8.623665, -3.119332
-7.183226, 8.632020, -3.111372, 1.553627, 0.012187, -6.992759, 8.615152, -3.105895
-7.547749, 8.585963, -3.091643, 1.615432, -0.026494, -7.231225, 8.603782, -3.093459
-7.766925, 8.557363, -3.103665, 1.753729, -0.045568, -7.558812, 8.589510, -3.105281
-8.126387, 8.571479, -3.129476, 1.819739, -0.025537, -7.904105, 8.586498, 3.138388
-8.428837, 8.579546, 3.118553, 1.701361, -0.001658, -8.215885, 8.594317, 3.111177
-8.730858, 8.600120, 3.101068, 1.631126, 0.018095, -8.534531, 8.606401, 3.103180
-9.111691, 8.608580, 3.108409, 1.610723, 0.014231, -8.876858, 8.616993, 3.115699
-9.437498, 8.627633, 3.111359, 1.536545, 0.022389, -9.187165, 8.621820, 3.129193
-9.762474, 8.599703, 3.140367, 1.461683, -0.006053, -9.484957, 8.621418, -3.135696
-10.048983, 8.598491, -3.134396, 1.475877, -0.013506, -9.750592, 8.618953, -3.133945
-10.316742, 8.573626, 3.139927, 1.652877, -0.012570, -10.075015, 8.618975, 3.138507
-10.592149, 8.602856, 3.110197, 1.836952, 0.025841, -10.383283, 8.622676, 3.127372
-10.921708, 8.595872, 3.137913, 1.986303, 0.045356, -10.736990, 8.624098, -3.137894
-11.267898, 8.611125, -3.117900, 1.863611, 0.052672, -10.990551, 8.618105, -3.110990
-11.632243, 8.579435, -3.078513, 1.639967, 0.036819, -11.386647, 8.591735, -3.054954
-11.954987, 8.517630, -3.023449, 1.580069, 0.024426, -11.713109, 8.553680, -3.013759
-12.249717, 8.485554, -3.012763, 1.508117, 0.073047, -11.985650, 8.513381, -2.990677
-12.567670, 8.410845, -2.956189, 1.232410, 0.096346, -12.293495, 8.455317, -2.938901
-12.835576, 8.269096, -2.850585, 0.867672, 0.070716, -12.551497, 8.384565, -2.863758
-12.957980, 8.200344, -2.826290, 0.862344, 0.107296, -12.717129, 8.327834, -2.821616
-13.142110, 8.120404, -2.766311, 0.816198, 0.156880, -12.873253, 8.264376, -2.771015
-13.253543, 8.058086, -2.723821, 1.101001, 0.306249, -13.005727, 8.198411, -2.707227
-13.392044, 7.956628, -2.604277, 1.397759, 0.399967, -13.159793, 8.090621, -2.560818
-13.488220, 7.783954, -2.401442, 1.531065, 0.399966, -13.286310, 7.951293, -2.352101
-13.533862, 7.571745, -2.122250, 1.522954, 0.323234, -13.394873, 7.753371, -2.090248
-13.580190, 7.327779, -1.881635, 1.518423, 0.192682, -13.462852, 7.506548, -1.833963
-13.508030, 6.967540, -1.683164, 1.394031, 0.013060, -13.486218, 7.217010, -1.637607
-13.495781, 6.662764, -1.567385, 1.487998, -0.055338, -13.486374, 6.943872, -1.580052
-13.509095, 6.432824, -1.597144, 1.407816, -0.042333, -13.493873, 6.679726, -1.608688
-13.489720, 6.143445, -1.641133, 1.446151, -0.027352, -13.512268, 6.420340, -1.644430
-13.548206, 5.841988, -1.668974, 1.501604, 0.002882, -13.539098, 6.141926, -1.667784
-13.571846, 5.597929, -1.673892, 1.690409, 0.032040, -13.568138, 5.855059, -1.670052
-13.596124, 5.334442, -1.660612, 1.787139, 0.033533, -13.591377, 5.583498, -1.651026
-13.600145, 5.002436, -1.642440, 1.742595, 0.023193, -13.607813, 5.301398, -1.623860
-13.612104, 4.750251, -1.603405, 1.714658, 0.002667, -13.619545, 4.937405, -1.596186
-13.589709, 4.389153, -1.600848, 1.740747, -0.008792, -13.626390, 4.581933, -1.589567
-13.630383, 4.123810, -1.603355, 1.678359, 0.011757, -13.633038, 4.274412, -1.594959
-13.648079, 3.813494, -1.602758, 1.662229, 0.015158, -13.639803, 3.971697, -1.590457
-13.645333, 3.398201, -1.572218, 1.671508, -0.001313, -13.643501, 3.584288, -1.575351
-13.616230, 3.094721, -1.572224, 1.641659, -0.030781, -13.644002, 3.274867, -1.572836
-13.638407, 2.775408, -1.602015, 1.493820, -0.006451, -13.648846, 2.962711, -1.593733
-13.644952, 2.515081, -1.603610, 1.645484, 0.007373, -13.658082, 2.681363, -1.604597
-13.660599, 2.135910, -1.609916, 1.576820, 0.041851, -13.667899, 2.371695, -1.600792
-13.675247, 1.856642, -1.610846, 1.637803, 0.089954, -13.671160, 2.089972, -1.574659
-13.620632, 1.534048, -1.537110, 1.711379, 0.103265, -13.657638, 1.768979, -1.507906
-13.603636, 1.241823, -1.460612, 1.392629, 0.095197, -13.615177, 1.446362, -1.415224
-13.505870, 0.907773, -1.354426, 1.245031, 0.100498, -13.547763, 1.153856, -1.326207
-13.402658, 0.683694, -1.264849, 0.975673, 0.092291, -13.471128, 0.918772, -1.251099
-13.316764, 0.560210, -1.224872, 0.998550, 0.127735, -13.412007, 0.770680, -1.204373
-13.212819, 0.364253, -1.143967, 0.887844, 0.159342, -13.318858, 0.577508, -1.128715
-13.078920, 0.190328, -1.054840, 0.919226, 0.212506, -13.222624, 0.420294, -1.042558
-12.971557, 0.080727, -0.965464, 1.202753, 0.326022, -13.117534, 0.285043, -0.940955
-12.835252, -0.005672, -0.817424, 1.440591, 0.383494, -12.987413, 0.164881, -0.784408
-12.652151, -0.073199, -0.612399, 1.424703, 0.303167, -12.820651, 0.065387, -0.573998
-12.377421, -0.102998, -0.363127, 1.389965, 0.187971, -12.592613, -0.012827, -0.341133
-12.114905, -0.107154, -0.193377, 1.465137, 0.095101, -12.315946, -0.057443, -0.155042
-11.883751, -0.083348, -0.086169, 1.539962, 0.007630, -12.058390, -0.073653, -0.064031
-11.603328, -0.074479, -0.042634, 1.604675, -0.025383, -11.783719, -0.083010, -0.038633
-11.271439, -0.085639, -0.050775, 1.571916, -0.018761, -11.476065, -0.097524, -0.053006
-10.971040, -0.123150, -0.068837, 1.618685, 0.014703, -11.195759, -0.116029, -0.068305
-10.672945, -0.140127, -0.068644, 1.691302, 0.030077, -10.887431, -0.136652, -0.062901
-10.400091, -0.142885, -0.051134, 1.578467, 0.025378, -10.583690, -0.150847, -0.040365
-10.117216, -0.170587, -0.029186, 1.664095, 0.029777, -10.239367, -0.157997, -0.013948
-9.751666, -0.145820, 0.009258, 1.633472, -0.002511, -9.925145, -0.156254, 0.012248
-9.414651, -0.126917, 0.023140, 1.588830, -0.020640, -9.617181, -0.150492, 0.017682
-9.079560, -0.138292, 0.012210, 1.422279, -0.007576, -9.308897, -0.148086, 0.003079
-8.809187, -0.143547, -0.009779, 1.543935, 0.010652, -9.043891, -0.149161, -0.004977
-8.483250, -0.120387, -0.013877, 1.607825, 0.005008, -8.710507, -0.150182, -0.000331
-8.257604, -0.116552, -0.002626, 1.764697, -0.005265, -8.463725, -0.149171, 0.004008
-7.912595, -0.111847, -0.002507, 1.775114, -0.011256, -8.138501, -0.147720, 0.003102
-7.678623, -0.106497, -0.017616, 1.866337, -0.005813, -7.811017, -0.148830, -0.006385
-7.318536, -0.130548, -0.029658, 1.891385, 0.010061, -7.466867, -0.153183, -0.014615
-6.985687, -0.140787, -0.025400, 1.864397, 0.018965, -7.094950, -0.157655, -0.008679
-6.680489, -0.131314, 0.000212, 1.825973, -0.005071, -6.747960, -0.157263, 0.006947
-6.233893, -0.147381, 0.015302, 1.619696, -0.007973, -6.360430, -0.153416, 0.008660
-5.849977, -0.154447, 0.012145, 1.474271, 0.001512, -6.079529, -0.152140, 0.002816
-5.546721, -0.148616, 0.006611, 1.465761, 0.006863, -5.749251, -0.151910, 0.001045
-5.297635, -0.143861, 0.010600, 1.577524, 0.002638, -5.479515, -0.150677, 0.006152
-4.950167, -0.135165, 0.012848, 1.780830, -0.003342, -5.171174, -0.147824, 0.009507
-4.628713, -0.133851, 0.011170, 1.757274, -0.001851, -4.886352, -0.145498, 0.007223
-4.298412, -0.140683, 0.014098, 1.685643, -0.004050, -4.529231, -0.143198, 0.007011
-3.988870, -0.121475, 0.007515, 1.593393, -0.009032, -4.207531, -0.141915, 0.002787
-3.609097, -0.106616, -0.003982, 1.414400, -0.011411, -3.879477, -0.142749, -0.004892
-3.258984, -0.125163, -0.024946, 1.363325, 0.006290, -3.615900, -0.145946, -0.013657
-2.968516, -0.139918, -0.023165, 1.419627, 0.020097, -3.365727, -0.149306, -0.011503
-2.723126, -0.114733, -0.004703, 1.487496, -0.006752, -3.055997, -0.149651, 0.002685
-2.428277, -0.127291, 0.006252, 1.646881, -0.009992, -2.799909, -0.148300, 0.003172
-2.043936, -0.105815, -0.007993, 1.493678, -0.009316, -2.464272, -0.149480, -0.005747
-1.798872, -0.124786, -0.025203, 1.533606, 0.003338, -2.184129, -0.152714, -0.012949
-1.398432, -0.150172, -0.024616, 1.092955, 0.019259, -1.895166, -0.156401, -0.011699
-1.171444, -0.116454, -0.009369, 1.035098, -0.004915, -1.667374, -0.156973, -0.001000
-0.928628, -0.116910, -0.003201, 1.000721, -0.005712, -1.440771, -0.156641, -0.000374
-0.759375, -0.119296, -0.004330, 0.927167, -0.006153, -1.252358, -0.157271, -0.002818
-0.585076, -0.116094, -0.013415, 0.969896, -0.005900, -1.070536, -0.158518, -0.006079
-0.383536, -0.122852, -0.019275, 0.817684, -0.001669, -0.887431, -0.160287, -0.008951
-0.217803, -0.132838, -0.019907, 1.220257, -0.009667, -0.710994, -0.161976, -0.009098
-0.098992, -0.139758, -0.024785, 1.431954, -0.005803, -0.561284, -0.163989, -0.012476
0.076125, -0.155848, -0.027252, 1.649849, 0.006484, -0.353751, -0.167406, -0.015781
0.279804, -0.166445, -0.023589, 1.884134, 0.014329, -0.068266, -0.171365, -0.012493
0.589702, -0.132892, -0.011575, 1.998399, 0.003174, 0.202777, -0.172559, -0.002781
0.781553, -0.139418, 0.000850, 1.999900, -0.004193, 0.513694, -0.171828, 0.002492
1.115611, -0.145673, 0.000755, 1.999092, 0.006450, 0.855327, -0.171100, 0.000938
1.402118, -0.136928, 0.004342, 1.998982, 0.004390, 1.220354, -0.169618, 0.006794
1.706713, -0.140833, 0.017718, 1.999895, -0.000035, 1.593315, -0.165914, 0.011666
2.097484, -0.172864, 0.023123, 1.997439, 0.013937, 2.000927, -0.160521, 0.013524
2.539259, -0.171872, 0.025827, 1.956846, 0.012401, 2.366515, -0.153558, 0.024029
2.925324, -0.131482, 0.032609, 1.506407, -0.002575, 2.766553, -0.140591, 0.038091
3.268430, -0.100108, 0.036218, 1.560830, -0.023557, 3.038713, -0.129569, 0.041268
