0.058813,-0.16321,-0.029102,0.849607,0.852307
0.063222,-0.165856,-0.027959,0.850971,0.846486
0.116766,-0.16465,-0.029994,0.850303,0.847028
0.116766,-0.16465,-0.029994,0.849672,0.850342
0.11061,-0.159482,-0.024427,0.850795,0.848995
0.159276,-0.145531,-0.014852,0.845204,0.848086
0.207898,-0.133526,-0.006589,0.850474,0.848249
0.247049,-0.126333,0.002601,0.849865,0.850913
0.296794,-0.123847,0.003886,0.845796,0.852545
0.296794,-0.123847,0.003886,0.846785,0.849838
0.34104,-0.114654,-0.005045,0.853062,0.854713
0.367856,-0.114714,-0.022697,0.848478,0.847805
0.367856,-0.114714,-0.022697,0.848627,0.851616
0.45021,-0.131282,-0.023974,0.84865,0.852071
0.445841,-0.146887,-0.027902,0.847355,0.854121
0.486045,-0.155109,-0.031942,0.852855,0.85077
0.486045,-0.155109,-0.031942,0.847834,0.848831
0.506042,-0.166468,-0.031498,0.849794,0.8485
0.612829,-0.169118,-0.032252,0.858111,0.853238
0.612829,-0.169118,-0.032252,0.857122,0.852092
0.628828,-0.174184,-0.031813,0.86663,0.848508
0.64693,-0.175455,-0.033536,0.878872,0.852669
0.687876,-0.176014,-0.035622,0.899995,0.825259
0.687876,-0.176014,-0.035622,0.903855,0.814827
0.73954,-0.175651,-0.036373,0.898503,0.806119
0.769075,-0.17399,-0.03553,0.898967,0.805935
0.767895,-0.176389,-0.03355,0.898326,0.796437
0.767895,-0.176389,-0.03355,0.9052,0.801508
0.79796,-0.183041,-0.033311,0.895799,0.797297
0.845065,-0.190879,-0.033213,0.897033,0.798219
0.899129,-0.193901,-0.031166,0.901,0.80126
0.946575,-0.197369,-0.030437,0.896075,0.801946
0.946575,-0.197369,-0.030437,0.898428,0.801681
1.035876,-0.200013,-0.028898,0.902199,0.797947
1.035876,-0.200013,-0.028898,0.905015,0.801479
1.185015,-0.194802,-0.032478,0.899002,0.801728
1.185015,-0.194802,-0.032478,0.899466,0.802582
1.295295,-0.194513,-0.027435,0.901688,0.798243
1.295295,-0.194513,-0.027435,0.897319,0.796846
1.317931,-0.188229,-0.023777,0.905693,0.799181
1.387535,-0.177368,-0.021879,0.8991,0.799172
1.453208,-0.172722,-0.021879,0.896533,0.80303
1.453208,-0.172722,-0.019539,0.898592,0.800468
1.453208,-0.172722,-0.019539,0.8969,0.802182
1.522393,-0.170999,-0.007331,0.898886,0.798405
1.522393,-0.170999,-0.007331,0.901549,0.80114
1.616793,-0.170598,-0.003072,0.901124,0.801055
1.753971,-0.164401,-0.003072,0.901952,0.795982
1.753971,-0.164401,-0.000348,0.898211,0.805216
1.753971,-0.164401,-0.000348,0.885978,0.851006
1.833185,-0.169542,0.016832,0.850973,0.854705
1.833185,-0.169542,0.016832,0.852384,0.850101
1.887488,-0.176657,0.024039,0.850814,0.852498
1.887488,-0.176657,0.024039,0.850844,0.848337
1.887488,-0.176657,0.024039,0.850565,0.848671
1.964587,-0.179171,0.026726,0.851135,0.849794
2.074795,-0.17109,0.026726,0.850074,0.853069
2.074795,-0.17109,0.035668,0.853711,0.853581
2.080909,-0.15821,0.045873,0.853059,0.852239
2.080909,-0.15821,0.045873,0.852042,0.84916
2.159285,-0.142395,0.053339,0.847963,0.849686
2.159285,-0.142395,0.053339,0.849847,0.848264
2.24768,-0.133548,0.060023,0.848479,0.847027
2.24768,-0.133548,0.060023,0.847266,0.846418
2.380125,-0.123545,0.062693,0.852707,0.849226
2.385744,-0.121906,0.061601,0.852707,0.849226
2.385744,-0.121906,0.061601,0.853036,0.845723
2.460369,-0.114191,0.060734,0.853036,0.845723
2.460369,-0.114191,0.060734,0.851211,0.854976
2.518731,-0.112172,0.058765,0.847937,0.867095
2.532984,-0.108698,0.052669,0.847999,0.871414
2.602046,-0.105581,0.051513,0.850526,0.878911
2.602046,-0.105581,0.051513,0.825615,0.896991
2.671216,-0.104508,0.043625,0.818384,0.900956
2.720531,-0.103703,0.039895,0.8087,0.900266
2.720531,-0.103703,0.039895,0.804776,0.902448
2.819863,-0.099242,0.03167,0.80145,0.897481
2.819863,-0.099242,0.03167,0.802434,0.899003
2.822685,-0.103605,0.033771,0.796314,0.900315
2.872265,-0.108566,0.024144,0.79856,0.903532
2.923395,-0.111556,0.023071,0.798556,0.897944
2.923395,-0.111556,0.023071,0.801925,0.902307
2.959287,-0.120267,0.019792,0.803576,0.900277
3.052482,-0.124107,0.020225,0.798625,0.8992
3.09862,-0.125109,0.017654,0.799927,0.902929
3.115936,-0.12575,0.017654,0.802617,0.899086
3.115936,-0.12575,0.019273,0.804602,0.900694
3.169907,-0.128112,0.019159,0.798926,0.901538
3.242466,-0.129344,0.018786,0.802021,0.896206
3.292161,-0.130792,0.019642,0.801809,0.90009
3.340301,-0.133342,0.02046,0.800177,0.901779
3.340301,-0.133342,0.02046,0.801324,0.900745
3.400117,-0.12826,0.020587,0.795482,0.898474
3.4428,-0.127751,0.019849,0.800814,0.893707
3.486642,-0.129572,0.020562,0.801405,0.898684
3.512719,-0.125682,0.020562,0.795713,0.898345
3.577506,-0.126506,0.019036,0.798614,0.904053
3.577506,-0.126506,0.019036,0.799286,0.901927
3.628749,-0.121029,0.019533,0.800058,0.899706
3.74136,-0.118608,0.019533,0.799225,0.901346
3.74136,-0.118608,0.019541,0.798552,0.900665
3.749638,-0.116213,0.018961,0.79873,0.899105
3.820064,-0.115919,0.019239,0.799911,0.900853
3.820064,-0.115919,0.019239,0.798988,0.899866
3.846587,-0.116951,0.017781,0.798984,0.897595
3.949437,-0.115862,0.016119,0.798984,0.897595
3.958416,-0.119357,0.017966,0.800878,0.901655
3.989952,-0.115707,0.015554,0.798213,0.89755
4.037859,-0.118335,0.015551,0.801237,0.902614
4.082217,-0.118151,0.016046,0.803696,0.898703
4.082217,-0.118151,0.016046,0.800138,0.899278
4.107444,-0.116361,0.01483,0.802808,0.899529
4.107444,-0.116361,0.01483,0.801056,0.898092
4.208342,-0.113762,0.015089,0.797293,0.898723
4.25251,-0.111733,0.015531,0.804105,0.900175
4.297894,-0.113273,0.015033,0.8002,0.899821
4.351601,-0.109062,0.015033,0.800313,0.900537
4.351601,-0.109062,0.014367,0.799283,0.898015
4.396459,-0.104805,0.014485,0.797787,0.900453
4.470994,-0.104757,0.01583,0.804517,0.900651
4.470994,-0.104757,0.01583,0.797887,0.899241
4.561992,-0.104706,0.01637,0.798614,0.900012
4.561992,-0.104706,0.01637,0.798042,0.897528
4.569141,-0.104257,0.014366,0.799862,0.899728
4.645137,-0.103426,0.014098,0.799812,0.902308
4.738889,-0.101599,0.01333,0.802012,0.898185
4.738889,-0.101599,0.01333,0.800705,0.901268
4.749342,-0.097747,0.013584,0.797932,0.90522
4.82053,-0.095629,0.012824,0.801107,0.902837
4.877995,-0.0928,0.01245,0.799803,0.90219
4.877995,-0.0928,0.01245,0.800293,0.901972
4.892196,-0.088432,0.011531,0.800695,0.898594
5.010806,-0.080778,0.011339,0.796606,0.901165
5.013813,-0.075603,0.008745,0.797159,0.898089
5.013813,-0.075603,0.008745,0.803833,0.902975
5.083733,-0.071924,0.006946,0.799077,0.900963
5.10726,-0.065755,0.005057,0.798308,0.897453
5.10726,-0.065755,0.005057,0.801104,0.895644
5.168297,-0.057228,-0.000444,0.797573,0.903113
5.224474,-0.050178,-0.002742,0.799938,0.902571
5.270844,-0.058553,-0.030515,0.800908,0.897872
5.330954,-0.067388,-0.030515,0.800661,0.901399
5.330954,-0.067388,-0.036092,0.799155,0.898267
5.390357,-0.076348,-0.031135,0.803335,0.899332
5.435816,-0.081199,-0.032084,0.803183,0.902528
5.496443,-0.090069,-0.032052,0.797664,0.900862
5.506514,-0.095618,-0.034534,0.796975,0.901163
5.506514,-0.095618,-0.034534,0.799242,0.90006
5.571676,-0.097401,-0.034847,0.79806,0.900167
5.690541,-0.104018,-0.033382,0.80045,0.897474
5.686165,-0.103896,-0.031975,0.802213,0.897263
5.724847,-0.104618,-0.031975,0.799213,0.904646
5.724847,-0.104618,-0.034062,0.796911,0.897718
5.762927,-0.105861,-0.033524,0.800494,0.903543
5.762927,-0.105861,-0.033524,0.800362,0.899697
5.876302,-0.107898,-0.031078,0.801485,0.90092
5.876302,-0.107898,-0.031078,0.803766,0.900039
5.886203,-0.108719,-0.029894,0.799345,0.902396
5.987045,-0.113382,-0.035104,0.797359,0.89963
6.012711,-0.10958,-0.03297,0.800892,0.903172
6.063186,-0.104534,-0.024648,0.797633,0.899379
6.122033,-0.095987,-0.024648,0.800057,0.900202
6.168297,-0.080639,-0.010493,0.802365,0.900997
6.168297,-0.080639,-0.004441,0.79998,0.898967
6.218793,-0.069633,0.001109,0.800723,0.900418
6.278895,-0.065481,0.001109,0.79991,0.896242
6.278895,-0.065481,0.006344,0.801428,0.902995
6.339528,-0.063817,0.008417,0.800144,0.898393
6.394187,-0.068785,0.009939,0.802099,0.903479
6.394187,-0.068785,0.009939,0.800295,0.900422
6.476281,-0.071094,0.01189,0.800122,0.900367
6.533907,-0.072516,0.010229,0.799049,0.901302
6.533907,-0.072516,0.010229,0.802598,0.899996
6.627085,-0.075262,-0.007629,0.797992,0.900129
6.627023,-0.072336,-0.007207,0.798953,0.900845
6.705174,-0.071226,-0.010696,0.800242,0.900159
6.722806,-0.069157,-0.013748,0.800104,0.896298
6.78133,-0.069234,-0.016159,0.798458,0.898732
6.78133,-0.069234,-0.016159,0.796392,0.90146
6.836141,-0.071105,-0.011555,0.800485,0.900586
6.8814,-0.073503,-0.019961,0.797114,0.900306
6.8814,-0.073503,-0.019961,0.796739,0.901173
6.998385,-0.080496,-0.017741,0.802258,0.900777
6.998385,-0.080496,-0.017741,0.797424,0.899404
6.989362,-0.087357,-0.035719,0.800811,0.901198
7.128373,-0.107937,-0.035719,0.802511,0.900875
7.153645,-0.119166,-0.035611,0.804406,0.899579
7.153645,-0.119166,-0.035611,0.822581,0.899404
7.202569,-0.121062,-0.036657,0.848734,0.880336
7.262204,-0.120058,-0.036963,0.848605,0.86547
7.298584,-0.116506,-0.039704,0.850696,0.856702
7.354188,-0.115509,-0.035908,0.853,0.85319
7.393248,-0.116738,-0.033755,0.847728,0.850242
7.393248,-0.116738,-0.033755,0.846207,0.848284
7.422417,-0.119351,-0.031474,0.848162,0.853147
7.540009,-0.128453,-0.04147,0.850759,0.85569
7.58798,-0.133266,-0.038808,0.851199,0.851447
7.58798,-0.133266,-0.038808,0.846762,0.848273
7.598362,-0.133059,-0.035343,0.853586,0.850907
7.598362,-0.133059,-0.035343,0.850414,0.849705
7.691558,-0.133788,-0.028181,0.851315,0.848935
7.703553,-0.12835,-0.034471,0.853989,0.851874
7.766206,-0.116023,-0.034471,0.850676,0.849619
7.766206,-0.116023,-0.01673,0.849039,0.864033
7.83633,-0.113586,-0.018076,0.820771,0.899634
7.914837,-0.115062,-0.005443,0.799216,0.899017
7.987948,-0.115704,0.006113,0.800901,0.899808
7.999251,-0.118916,0.006113,0.797371,0.898377
7.999251,-0.118916,0.005905,0.801409,0.90251
8.032261,-0.122532,0.011294,0.796086,0.905808
8.032261,-0.122532,0.011294,0.799436,0.901521
8.147038,-0.122967,0.001423,0.798272,0.902358
8.147038,-0.122967,0.001423,0.799063,0.902378
8.213163,-0.111432,0.004806,0.800877,0.892688
8.256507,-0.113301,-0.011242,0.821378,0.877765
8.334963,-0.101981,-0.005464,0.84842,0.840798
8.334963,-0.101981,-0.005464,0.84815,0.811394
8.390828,-0.104226,-0.020609,0.848452,0.823283
8.461379,-0.091505,-0.005357,0.7976,0.847691
8.510023,-0.079625,0.009146,0.796934,0.851479
8.577112,-0.08891,0.013238,0.801549,0.852349
8.577112,-0.08891,0.013238,0.799719,0.8488
8.6423,-0.085266,0.034369,0.798209,0.850211
8.644079,-0.075913,0.05308,0.802867,0.850838
8.685212,-0.070793,0.077587,0.799069,0.875774
8.681542,-0.070067,0.077587,0.782756,0.900217
8.681542,-0.070067,0.084178,0.770718,0.902653
8.737817,-0.074487,0.120085,0.750016,0.90399
8.77462,-0.059773,0.144367,0.749115,0.914079
8.77462,-0.059773,0.144367,0.751282,0.929112
8.864721,-0.021729,0.179005,0.749261,0.948625
8.878084,-0.026661,0.179005,0.739142,0.951894
8.878084,-0.026661,0.181035,0.711451,0.95674
8.9127,-0.020312,0.192204,0.702224,0.971652
8.945417,-0.001439,0.212926,0.705877,0.994686
8.992107,0.021156,0.226868,0.710121,1.006699
8.992107,0.021156,0.226868,0.667795,1.014357
9.031232,0.036707,0.24762,0.668019,1.047398
9.069486,0.05778,0.287759,0.683743,1.071345
9.102331,0.077343,0.300115,0.679707,1.077711
9.120339,0.088324,0.310387,0.692164,1.104939
9.13633,0.096351,0.315767,0.709699,1.126817
9.15649,0.115051,0.348803,0.718229,1.152216
9.185445,0.134713,0.348803,0.719519,1.177373
9.185445,0.134713,0.382552,0.718038,1.198269
9.212277,0.153815,0.406902,0.721346,1.244032
9.233325,0.164828,0.410554,0.718838,1.275291
9.266864,0.185055,0.459805,0.719014,1.286195
9.266864,0.202958,0.484123,0.714009,1.340494
9.282122,0.214869,0.503622,0.704589,1.372933
9.296743,0.248403,0.532982,0.69991,1.422111
9.296743,0.248403,0.532982,0.69673,1.467531
9.32242,0.276877,0.572831,0.697521,1.469654
9.32242,0.276877,0.572831,0.689119,1.563329
9.352014,0.304457,0.618328,0.690344,1.618787
9.342804,0.306389,0.634959,0.680875,1.677107
9.360108,0.339191,0.634959,0.675436,1.723836
9.352128,0.352874,0.646307,0.667495,1.742445
9.352128,0.352874,0.701234,0.662005,1.735445
9.366714,0.376797,0.714472,0.658344,1.690912
9.376631,0.393531,0.736737,0.658344,1.690912
9.380182,0.415358,0.768226,0.65184,1.63384
9.376393,0.429993,0.776098,0.647018,1.563595
9.405116,0.461977,0.831631,0.640876,1.544009
9.419506,0.48665,0.860541,0.637517,1.487835
9.419975,0.518432,0.860541,0.638375,1.488358
9.419975,0.518432,0.883875,0.631636,1.440784
9.412674,0.54098,0.885012,0.629581,1.412622
9.435957,0.574723,0.935193,0.628968,1.382092
9.446656,0.612828,0.967854,0.62015,1.348327
9.446656,0.612828,0.967854,0.62449,1.324607
9.444966,0.645982,0.987599,0.62681,1.316635
9.45903,0.686853,1.02053,0.625857,1.284744
9.465555,0.7263,1.02053,0.620631,1.28412
9.45991,0.748561,1.042116,0.628475,1.253754
9.468284,0.778806,1.053548,0.629624,1.224201
9.468284,0.778806,1.078891,0.627859,1.229444
9.46526,0.804698,1.092716,0.62362,1.210475
9.461753,0.830457,1.10282,0.625719,1.182441
9.485041,0.85969,1.130761,0.631252,1.179527
9.49403,0.887531,1.151902,0.628561,1.1601
9.49403,0.887531,1.151902,0.639781,1.150642
9.49664,0.908334,1.171694,0.647424,1.137514
9.500949,0.94013,1.186863,0.654661,1.125862
9.497683,0.979238,1.199663,0.647207,1.123613
9.489185,1.016524,1.206798,0.64996,1.106655
9.497876,1.052144,1.217963,0.648844,1.099001
9.497876,1.052144,1.217963,0.646845,1.096172
9.526908,1.082961,1.247407,0.650288,1.079475
9.538565,1.121716,1.25669,0.659448,1.072057
9.543791,1.161765,1.261869,0.672892,1.057682
9.551301,1.19254,1.265536,0.688505,1.049207
9.551562,1.228052,1.264482,0.69658,1.050947
9.558335,1.264777,1.264482,0.702225,1.031603
9.558335,1.264777,1.273138,0.701185,1.01927
9.558335,1.264777,1.273138,0.701023,1.003835
9.569134,1.331011,1.29783,0.699889,0.997634
9.57033,1.374983,1.306679,0.700158,0.996888
9.57033,1.374983,1.306679,0.703299,0.99908
9.565452,1.414766,1.311977,0.697188,0.995502
9.565452,1.414766,1.311977,0.700532,0.976499
9.580377,1.491366,1.333388,0.700718,0.97448
9.583914,1.550217,1.339963,0.709877,0.962046
9.584456,1.560498,1.363066,0.715178,0.951653
9.584456,1.560498,1.363066,0.731192,0.949011
9.593923,1.603978,1.373484,0.741733,0.950981
9.601554,1.658572,1.37931,0.754717,0.952098
9.607644,1.696996,1.382757,0.750664,0.950186
9.607644,1.696996,1.382757,0.75203,0.94053
9.616215,1.788494,1.386398,0.746951,0.924383
9.616215,1.788494,1.386398,0.749044,0.907942
9.620979,1.844369,1.389813,0.747218,0.903216
9.622477,1.901968,1.394009,0.751078,0.8991
9.622477,1.901968,1.394009,0.749469,0.899292
9.624141,1.967015,1.402106,0.750246,0.904019
9.620944,1.994884,1.401751,0.749419,0.897678
9.630243,2.026436,1.428155,0.749735,0.900472
9.630243,2.026436,1.428155,0.755315,0.903822
9.642677,2.086335,1.446053,0.754296,0.900514
9.651416,2.162874,1.456479,0.753869,0.902661
9.661332,2.196144,1.465878,0.767575,0.901887
9.661332,2.196144,1.465878,0.768814,0.895436
9.670212,2.235826,1.473247,0.78515,0.898517
9.675544,2.301957,1.47757,0.80019,0.89754
9.675544,2.301957,1.47757,0.799986,0.880074
9.676896,2.35471,1.481594,0.798807,0.865054
9.678084,2.40676,1.495414,0.803745,0.862351
9.676296,2.437079,1.499729,0.800156,0.859017
9.673398,2.491078,1.506102,0.798133,0.84889
9.673398,2.491078,1.506102,0.80069,0.850088
9.670721,2.551836,1.509563,0.800697,0.849116
9.669562,2.652787,1.51326,0.800411,0.855691
9.669562,2.652787,1.51326,0.796922,0.84532
9.666222,2.653226,1.518712,0.801727,0.848571
9.665066,2.709246,1.51987,0.797754,0.851377
9.665066,2.709246,1.51987,0.801904,0.847797
9.665942,2.789442,1.526813,0.802701,0.844771
9.665062,2.807031,1.526387,0.799619,0.852708
9.666379,2.843857,1.52671,0.803698,0.851695
9.672545,2.902144,1.530956,0.798827,0.853323
9.672545,2.902144,1.530956,0.799394,0.848213
9.678165,2.985967,1.532808,0.799787,0.849132
9.680377,3.033207,1.529295,0.799787,0.849132
9.683513,3.089506,1.529295,0.79918,0.848422
9.683513,3.089506,1.529528,0.799018,0.850139
9.683513,3.089506,1.529528,0.801445,0.851609
9.680936,3.090658,1.528819,0.799471,0.853592
9.686726,3.224088,1.536237,0.802834,0.851267
9.687384,3.244497,1.537124,0.799174,0.853431
9.687384,3.244497,1.537124,0.80197,0.851959
9.689618,3.285366,1.541318,0.799854,0.847603
9.692214,3.365561,1.542777,0.800135,0.849581
9.701454,3.41744,1.535767,0.802535,0.848047
9.709399,3.476804,1.535767,0.799724,0.849126
9.709399,3.476804,1.537881,0.800404,0.849326
9.710647,3.537692,1.54032,0.802663,0.85064
9.711384,3.57801,1.540903,0.804307,0.848909
9.706964,3.676211,1.540903,0.802006,0.848954
9.706964,3.676211,1.54078,0.795619,0.852037
9.703401,3.735925,1.543221,0.801563,0.849846
9.694168,3.734791,1.542702,0.80139,0.847388
9.686594,3.7611,1.542664,0.799436,0.853026
9.679318,3.792792,1.541616,0.800298,0.850731
9.679318,3.792792,1.541616,0.809402,0.850683
9.679053,3.842038,1.543305,0.817561,0.849111
9.695715,3.886306,1.536248,0.848465,0.81777
9.704802,3.948323,1.537809,0.850113,0.800763
9.708883,3.995845,1.537809,0.851111,0.801469
9.708883,3.995845,1.538599,0.852691,0.798417
9.71058,4.034885,1.537577,0.850822,0.800509
9.712427,4.095008,1.535467,0.854649,0.800064
9.715939,4.140739,1.536529,0.846264,0.800997
9.724011,4.204198,1.536529,0.850058,0.797294
9.724011,4.204198,1.530599,0.851099,0.801279
9.732245,4.278871,1.53355,0.850193,0.802732
9.735609,4.344083,1.537369,0.849466,0.79504
9.735609,4.344083,1.537369,0.849661,0.799007
9.733241,4.401325,1.537934,0.848119,0.799972
9.733527,4.482842,1.539984,0.84662,0.798369
9.737651,4.502644,1.543473,0.849265,0.797773
9.739754,4.55574,1.550551,0.849651,0.797394
9.741387,4.616832,1.555798,0.849701,0.795664
9.74166,4.656152,1.555798,0.853331,0.79806
9.74166,4.656152,1.563177,0.847852,0.800324
9.739589,4.705512,1.56433,0.850667,0.801589
9.735139,4.755748,1.577085,0.848849,0.801589
9.735139,4.755748,1.577085,0.847337,0.815523
9.72825,4.858459,1.581637,0.807779,0.851659
9.722291,4.934066,1.587053,0.798464,0.850233
9.722291,4.934066,1.587053,0.803879,0.848085
9.721686,4.945193,1.584471,0.801709,0.848974
9.718661,5.010969,1.584471,0.801744,0.851403
9.718661,5.010969,1.589244,0.798995,0.849787
9.714122,5.056283,1.589152,0.798995,0.849787
9.714122,5.056283,1.589152,0.80276,0.849097
9.709813,5.095448,1.588494,0.800023,0.84637
9.70898,5.186413,1.585524,0.796214,0.847843
9.704809,5.264845,1.586352,0.798668,0.849025
9.701153,5.292426,1.584252,0.803096,0.848657
9.701153,5.292426,1.584252,0.798792,0.850675
9.696516,5.34186,1.582178,0.80018,0.851551
9.692057,5.406815,1.583879,0.799687,0.852793
9.692057,5.406815,1.583879,0.79865,0.847264
9.689239,5.478855,1.583833,0.80116,0.849588
9.688213,5.479571,1.58379,0.803819,0.848489
9.688801,5.526248,1.583084,0.795745,0.845518
9.690065,5.565078,1.584866,0.800177,0.849527
9.690065,5.565078,1.584866,0.797477,0.853555
9.687375,5.617628,1.58336,0.797531,0.852149
9.685243,5.657061,1.582118,0.798102,0.851477
9.685243,5.657061,1.582118,0.792893,0.849364
9.691419,5.726919,1.563644,0.798409,0.853897
9.702228,5.852808,1.573258,0.797128,0.848272
9.705133,5.864101,1.574686,0.797602,0.846459
9.706604,5.91298,1.577931,0.801268,0.847363
9.706604,5.91298,1.577931,0.803365,0.848244
9.707928,5.957009,1.585294,0.801772,0.848224
9.696609,6.059459,1.605886,0.802591,0.849265
9.696609,6.059459,1.605886,0.798424,0.861502
9.690271,6.096231,1.616219,0.770966,0.901019
9.68711,6.146058,1.63139,0.770966,0.901019
9.679054,6.233081,1.635309,0.788674,0.898764
9.679054,6.233081,1.635309,0.907962,0.905474
9.671132,6.265979,1.636308,0.998317,0.888118
9.656583,6.308897,1.630062,1.017504,0.863678
9.647805,6.352628,1.607749,1.023343,0.877124
9.647805,6.352628,1.607749,1.026524,0.876935
9.643261,6.382388,1.600558,1.042682,0.836025
9.652857,6.411997,1.55276,1.039853,0.838067
9.67576,6.483805,1.517009,1.051834,0.846759
9.67576,6.483805,1.517009,1.100545,0.832823
9.687424,6.486511,1.49388,1.099224,0.810647
9.701997,6.52997,1.462017,1.102722,0.804752
9.712522,6.577658,1.452854,1.098141,0.796888
9.714309,6.594842,1.438737,1.129709,0.801067
9.737919,6.659854,1.438737,1.152455,0.796064
9.737919,6.659854,1.411513,1.157529,0.799001
9.752149,6.702766,1.408686,1.16391,0.778311
9.752149,6.702766,1.408686,1.171086,0.763734
9.761023,6.775971,1.4015,1.17581,0.750028
9.784306,6.781436,1.381338,1.172896,0.748207
9.806645,6.829288,1.383508,1.159654,0.748028
9.815272,6.860562,1.393438,1.128145,0.752404
9.815272,6.860562,1.393438,1.067302,0.752345
9.815798,6.912492,1.406565,1.023622,0.749291
9.822619,6.939915,1.417873,1.023622,0.749291
9.816252,6.985553,1.438121,0.920189,0.750569
9.816113,7.024082,1.444385,0.863469,0.751177
9.816113,7.024082,1.444385,0.852796,0.751808
9.823627,7.113798,1.474306,0.850085,0.747853
9.829128,7.160417,1.48988,0.851179,0.752042
9.829128,7.160417,1.48988,0.847296,0.749027
9.820298,7.183311,1.509636,0.850958,0.750159
9.816572,7.220974,1.521569,0.84865,0.750288
9.797049,7.280021,1.521569,0.849197,0.752936
9.779665,7.319464,1.564518,0.81667,0.797583
9.779665,7.319464,1.574614,0.799758,0.797987
9.771786,7.356242,1.601433,0.79732,0.801228
9.760131,7.406676,1.61522,0.801521,0.798772
9.761145,7.430069,1.637813,0.803587,0.801847
9.760527,7.425435,1.645063,0.803587,0.801847
9.760527,7.425435,1.645063,0.798552,0.819491
9.7333,7.460344,1.678857,0.801047,0.846167
9.715862,7.486412,1.686049,0.776862,0.852779
9.729033,7.538758,1.686049,0.750562,0.847717
9.729033,7.538758,1.689581,0.753529,0.851447
9.726859,7.59123,1.697064,0.750538,0.85095
9.711164,7.651199,1.711992,0.749531,0.860613
9.696979,7.659585,1.711992,0.753775,0.883837
9.696979,7.659585,1.716818,0.750234,0.900158
9.667863,7.707031,1.736234,0.7228,0.901099
9.651848,7.751594,1.750752,0.703769,0.899993
9.640432,7.787645,1.759489,0.708193,0.910322
9.634936,7.816472,1.763433,0.713339,0.924862
9.634936,7.816472,1.763433,0.733951,0.924107
9.62814,7.839011,1.767928,0.738796,0.929581
9.617551,7.863307,1.767029,0.810212,0.95303
9.613279,7.899846,1.771998,0.879224,0.961027
9.608029,7.919752,1.774091,0.886033,0.965301
9.578937,7.994891,1.774091,0.951802,0.986169
9.578937,7.994891,1.799508,0.991268,1.03413
9.556765,8.055312,1.825658,1.00214,1.047385
9.556765,8.055312,1.825658,0.99159,1.069952
9.535846,8.098726,1.865457,0.975613,1.086392
9.517595,8.129248,1.905206,0.949044,1.11914
9.500193,8.14901,1.945422,0.928487,1.148555
9.484256,8.178185,1.974719,0.912402,1.181378
9.484256,8.178185,1.974719,0.900736,1.212069
9.456408,8.221545,2.022293,0.877953,1.250111
9.449435,8.231019,2.037806,0.867815,1.297361
9.434029,8.258821,2.082325,0.86401,1.320368
9.415052,8.273799,2.100942,0.84732,1.371266
9.415052,8.273799,2.100942,0.840891,1.421962
9.39449,8.282511,2.135763,0.828663,1.465775
9.36907,8.282445,2.16383,0.820614,1.511486
9.330306,8.306972,2.16383,0.809815,1.560608
9.330306,8.306972,2.192412,0.803073,1.617629
9.312942,8.320743,2.227803,0.802015,1.627702
9.288549,8.330948,2.248818,0.794604,1.69403
9.269099,8.339157,2.249968,0.775964,1.707578
9.247532,8.356585,2.294359,0.769987,1.682342
9.223615,8.367486,2.336886,0.761982,1.615672
9.223615,8.367486,2.336886,0.761982,1.615672
9.193407,8.361171,2.367067,0.754484,1.557089
9.193407,8.361171,2.367067,0.75403,1.519086
9.132011,8.39363,2.406878,0.753961,1.470415
9.125174,8.393829,2.439415,0.750986,1.439182
9.125174,8.393829,2.439415,0.74099,1.40889
9.082581,8.402434,2.469839,0.745356,1.390091
9.050092,8.419007,2.494637,0.733803,1.35423
9.021975,8.422957,2.518824,0.739272,1.3319
8.971384,8.440684,2.552686,0.736023,1.300818
8.971384,8.440684,2.552686,0.74038,1.281314
8.932434,8.445359,2.573852,0.733456,1.259447
8.932434,8.445359,2.573852,0.734844,1.237463
8.919453,8.448343,2.59359,0.737058,1.215964
8.877049,8.465293,2.605944,0.738889,1.195133
8.877049,8.465293,2.605944,0.738048,1.183263
8.823017,8.481541,2.651636,0.744327,1.172781
8.819559,8.477743,2.663818,0.751161,1.149193
8.790157,8.483047,2.689466,0.750205,1.131205
8.790157,8.483047,2.689466,0.749045,1.129621
8.762239,8.493106,2.704333,0.751728,1.113251
8.729958,8.500907,2.730448,0.748025,1.10328
8.729958,8.500907,2.730448,0.750872,1.084153
8.690393,8.502991,2.741949,0.74822,1.068823
8.655677,8.513603,2.763046,0.754104,1.067497
8.608451,8.523555,2.763046,0.756503,1.053233
8.608451,8.523555,2.771188,0.765527,1.037849
8.561529,8.534997,2.79441,0.764692,1.033754
8.546676,8.542456,2.807375,0.7729,1.013965
8.497104,8.54646,2.818379,0.776659,1.002652
8.459029,8.557465,2.847354,0.779931,0.998558
8.459029,8.557465,2.847354,0.792933,0.993059
8.393028,8.568987,2.852092,0.79466,0.99929
8.351779,8.571567,2.862549,0.799854,0.982576
8.351779,8.571567,2.862549,0.798632,0.962482
8.348145,8.568572,2.87687,0.800758,0.950648
8.291935,8.57712,2.892834,0.801618,0.950124
8.291935,8.57712,2.892834,0.799152,0.951336
8.237374,8.587632,2.907428,0.799629,0.952141
8.200387,8.594715,2.911436,0.801023,0.936032
8.117192,8.602016,2.919228,0.799268,0.932247
8.117192,8.602016,2.919228,0.801804,0.915835
8.107696,8.598967,2.94343,0.80665,0.9052
8.063244,8.595289,2.946072,0.80665,0.9052
8.063244,8.595289,2.946072,0.816204,0.902347
8.01844,8.591838,2.949727,0.82252,0.898431
8.01844,8.591838,2.949727,0.834616,0.901154
7.965805,8.601291,2.970625,0.848673,0.903615
7.965805,8.601291,2.970625,0.849249,0.897729
7.847938,8.609446,2.985896,0.851249,0.899701
7.847938,8.609446,2.985896,0.85035,0.883213
7.766256,8.618662,3.004273,0.850988,0.876996
7.766256,8.618662,3.004273,0.846421,0.857986
7.699175,8.623268,3.002506,0.851181,0.857736
7.633402,8.631792,3.015853,0.852856,0.848207
7.616277,8.629033,3.024954,0.847205,0.848686
7.616277,8.629033,3.024954,0.847638,0.851834
7.56984,8.629671,3.033158,0.848026,0.850134
7.56984,8.629671,3.033158,0.848909,0.848796
7.519282,8.632728,3.040948,0.847593,0.847474
7.402851,8.641246,3.059873,0.851827,0.849704
7.399665,8.638601,3.054196,0.851971,0.849825
7.399665,8.638601,3.054196,0.850595,0.850917
7.340901,8.634993,3.0592,0.848883,0.851119
7.2933,8.634415,3.063696,0.846597,0.846585
7.2933,8.634415,3.063696,0.847583,0.849937
7.235659,8.645193,3.072392,0.852315,0.85141
7.184625,8.648804,3.072392,0.848788,0.848928
7.184625,8.648804,3.080394,0.846635,0.849077
7.142904,8.647176,3.085319,0.848863,0.847926
7.142904,8.647176,3.085319,0.854215,0.853877
7.049336,8.647223,3.093143,0.855256,0.851317
7.015673,8.645693,3.098967,0.853259,0.851101
6.952471,8.650007,3.098967,0.850128,0.851325
6.952471,8.650007,3.10869,0.850812,0.845546
6.885862,8.656303,3.110616,0.847984,0.848366
6.811745,8.666751,3.116871,0.849518,0.850939
6.78843,8.665177,3.110887,0.849057,0.849945
6.74447,8.657793,3.110887,0.852317,0.8504
6.74447,8.657793,3.112707,0.85344,0.851886
6.684981,8.656098,3.115658,0.852463,0.849263
6.650287,8.650502,3.117629,0.851137,0.85111
6.59556,8.642443,3.12274,0.8497,0.850739
6.548387,8.637048,3.12274,0.848323,0.850765
6.548387,8.637048,3.127264,0.84877,0.849185
6.495092,8.63331,3.130914,0.848978,0.848453
6.445361,8.630948,3.133512,0.850836,0.850554
6.411289,8.630242,3.133512,0.85261,0.852671
6.411289,8.630242,3.1374,0.846889,0.850115
6.344691,8.628549,3.138461,0.848982,0.850095
6.271993,8.62752,3.140243,0.850087,0.849946
6.256816,8.628336,3.139779,0.850989,0.849623
6.226287,8.637417,-3.138886,0.849781,0.852286
6.184238,8.642274,-3.138886,0.844985,0.847806
6.184238,8.642274,-3.138201,0.848041,0.84775
6.128127,8.641442,-3.141152,0.852539,0.849393
6.079543,8.640549,-3.141472,0.849024,0.846161
6.039745,8.640328,3.141319,0.845145,0.851698
5.955925,8.646292,-3.140286,0.850006,0.851892
5.955925,8.646292,-3.140286,0.850209,0.850393
5.934619,8.642008,3.14006,0.848008,0.849806
5.880527,8.640264,3.141461,0.85003,0.849595
5.826879,8.641268,-3.14081,0.848196,0.849595
5.796437,8.642994,-3.140298,0.849659,0.854391
5.748954,8.650413,-3.140298,0.847799,0.851541
5.748954,8.650413,-3.136995,0.850462,0.852865
5.701785,8.645807,-3.13919,0.847021,0.850128
5.636188,8.645954,-3.13714,0.849823,0.846154
5.636188,8.645954,-3.13714,0.848834,0.850376
5.575097,8.64627,-3.137379,0.847139,0.853442
5.527764,8.64723,-3.136347,0.851527,0.847929
5.461355,8.648379,-3.134937,0.849851,0.852042
5.418859,8.654813,-3.133257,0.852227,0.849711
5.359082,8.655297,-3.133642,0.849699,0.851956
5.359082,8.655297,-3.133642,0.849589,0.850391
5.306341,8.654445,-3.133642,0.850018,0.846585
5.306341,8.654445,-3.131249,0.84979,0.847417
5.183535,8.649821,-3.13244,0.846981,0.849943
5.172868,8.648865,-3.13244,0.850525,0.852165
5.13043,8.651023,-3.130361,0.846203,0.852537
5.13043,8.651023,-3.131607,0.85307,0.848417
5.080382,8.653986,-3.129596,0.855461,0.852395
5.024906,8.65637,-3.128769,0.847336,0.849176
5.024906,8.65637,-3.128769,0.851109,0.85051
4.970941,8.655941,-3.128116,0.846429,0.850591
4.916626,8.654438,-3.129497,0.845614,0.853578
4.840871,8.651451,-3.129497,0.851403,0.855632
4.840871,8.651451,-3.129153,0.849173,0.846596
4.79565,8.650328,-3.128045,0.850019,0.849618
4.701346,8.646875,-3.128045,0.847168,0.851983
4.701346,8.646875,-3.127819,0.848829,0.849754
4.678162,8.648612,-3.130245,0.850149,0.852704
4.626275,8.648396,-3.128898,0.849987,0.855077
4.580531,8.650152,-3.12722,0.849119,0.846432
4.534679,8.650014,-3.12722,0.849372,0.850588
4.492636,8.649451,-3.129444,0.848751,0.850069
4.492636,8.649451,-3.127114,0.851598,0.84942
4.40867,8.647177,-3.125992,0.848517,0.84948
4.382863,8.645788,-3.124649,0.847596,0.851932
4.319513,8.64422,-3.125895,0.849056,0.848264
4.319513,8.64422,-3.125895,0.848406,0.847615
4.256437,8.644897,-3.121383,0.8558,0.850618
4.212674,8.640202,-3.121641,0.851842,0.847641
4.212674,8.640202,-3.121641,0.848852,0.849905
4.162768,8.634652,-3.119863,0.848536,0.857835
4.162768,8.634652,-3.119863,0.851416,0.855217
4.089679,8.633208,-3.121286,0.848512,0.851193
4.039886,8.631635,-3.120755,0.846471,0.851174
3.974811,8.625552,-3.120878,0.850129,0.85127
3.909932,8.627253,-3.121272,0.85314,0.850282
3.909932,8.627253,-3.121272,0.848296,0.850427
3.87978,8.626511,-3.121612,0.847165,0.849338
3.817439,8.629054,-3.120267,0.846966,0.848826
3.817439,8.629054,-3.120267,0.850028,0.849539
3.773689,8.630007,-3.119659,0.856831,0.847223
3.705793,8.630084,-3.118666,0.852617,0.849732
3.647272,8.627768,-3.119404,0.852256,0.848753
3.596036,8.629363,-3.117509,0.855403,0.85191
3.536826,8.624166,-3.117509,0.848448,0.847775
3.5021,8.621791,-3.126584,0.847372,0.85051
3.5021,8.621791,-3.126584,0.853926,0.849301
3.462994,8.619486,-3.129397,0.851416,0.849943
3.436895,8.623032,-3.11986,0.848459,0.853083
3.38406,8.618881,-3.118427,0.84852,0.852348
3.317929,8.614109,-3.129115,0.847853,0.847751
3.317929,8.614109,-3.129115,0.852988,0.847236
3.239824,8.608777,-3.128311,0.848375,0.850145
3.239824,8.608777,-3.128311,0.852113,0.849215
3.250095,8.608166,-3.12717,0.847798,0.847383
3.188188,8.608501,-3.128231,0.84649,0.851273
3.172116,8.60701,-3.128144,0.850898,0.851355
3.172116,8.60701,-3.128144,0.847321,0.859545
3.113975,8.60825,-3.129115,0.848522,0.865155
3.043762,8.610901,-3.128884,0.848218,0.883404
3.043762,8.610901,-3.128884,0.835191,0.899099
2.998523,8.613552,-3.119196,0.817321,0.896184
2.968663,8.614938,-3.120241,0.816667,0.900292
2.911251,8.621453,-3.120124,0.809712,0.898953
2.849626,8.622125,-3.120901,0.80766,0.89971
2.849626,8.622125,-3.120901,0.809727,0.901606
2.753381,8.622222,-3.121845,0.807582,0.896952
2.6774,8.620196,-3.127072,0.811022,0.896104
2.682004,8.619445,-3.128872,0.81569,0.901524
2.682004,8.619445,-3.128872,0.826282,0.898698
2.620426,8.610911,-3.133756,0.830974,0.898409
2.591743,8.599221,-3.140071,0.850301,0.883127
2.591743,8.599221,-3.140071,0.842212,0.862125
2.53422,8.592101,3.137302,0.846979,0.859349
2.474749,8.588058,3.130175,0.846624,0.852517
2.408475,8.583291,3.126133,0.84806,0.851893
2.370913,8.581453,3.125678,0.853306,0.849833
2.370913,8.581453,3.125678,0.849815,0.851834
2.321774,8.57914,3.122099,0.853181,0.853529
2.268388,8.585975,3.118361,0.849763,0.848598
2.2304,8.592833,3.116686,0.848249,0.847949
2.174013,8.598323,3.11607,0.850216,0.852477
2.128036,8.608657,3.113277,0.851102,0.853988
2.128036,8.608657,3.113277,0.85045,0.848181
2.089966,8.615643,3.112212,0.851066,0.848538
1.991299,8.622878,3.110794,0.849274,0.849897
1.965692,8.63012,3.109992,0.851047,0.844668
1.902603,8.635445,3.109992,0.852631,0.849224
1.902603,8.635445,3.109507,0.84913,0.849228
1.850262,8.638865,3.109438,0.845382,0.849614
1.79006,8.644384,3.110174,0.851631,0.849513
1.740387,8.645112,3.110174,0.848115,0.847417
1.740387,8.645112,3.109624,0.849915,0.855187
1.63807,8.643181,3.110162,0.849212,0.848343
1.598041,8.64237,3.111477,0.852654,0.84898
1.554328,8.638523,3.111477,0.850436,0.845508
1.554328,8.638523,3.111563,0.851336,0.847865
1.498783,8.633994,3.111718,0.851336,0.847865
1.498783,8.633994,3.111718,0.849358,0.850591
1.44155,8.624055,3.121697,0.851977,0.849022
1.371688,8.614639,3.1375,0.848986,0.848116
1.371688,8.614639,3.1375,0.84846,0.846262
1.286194,8.607803,3.141204,0.851208,0.848247
1.286194,8.607803,3.141204,0.849968,0.854006
1.243837,8.608247,-3.134862,0.848786,0.849203
1.122138,8.616801,-3.129511,0.854101,0.852078
1.122138,8.616801,-3.129511,0.848279,0.849333
1.056182,8.621324,-3.128096,0.848196,0.850434
1.049958,8.622496,-3.127945,0.847305,0.851943
1.011754,8.623234,-3.127809,0.852861,0.849652
0.940914,8.620388,-3.127809,0.848542,0.851394
0.940914,8.620388,-3.126664,0.84619,0.849542
0.882052,8.619439,-3.128706,0.851438,0.850937
0.820111,8.617697,-3.127941,0.849279,0.846691
0.785966,8.617214,-3.128932,0.849991,0.847975
0.716029,8.619746,-3.1304,0.848182,0.848203
0.716029,8.619746,-3.1304,0.848843,0.852702
0.646458,8.617776,-3.128926,0.847925,0.851159
0.627148,8.617529,-3.130753,0.85088,0.852987
0.570128,8.613466,-3.132309,0.847125,0.852835
0.570128,8.613466,-3.132309,0.851107,0.849275
0.52993,8.61282,-3.134151,0.852247,0.849547
0.483573,8.612585,-3.132558,0.849313,0.850116
0.430246,8.614764,-3.134369,0.847678,0.851207
0.430246,8.614764,-3.134369,0.84919,0.850641
0.391378,8.609011,-3.138506,0.849444,0.850934
0.344157,8.602943,-3.139514,0.851697,0.849154
0.30085,8.602438,-3.139975,0.854368,0.853299
0.30085,8.602438,-3.139975,0.85364,0.852865
0.245885,8.601448,3.141147,0.850394,0.852147
0.124544,8.596423,3.138774,0.85059,0.847685
0.124544,8.596423,3.138774,0.850067,0.851475
0.120311,8.594789,3.137971,0.847767,0.850307
0.047131,8.593737,3.136921,0.847396,0.849088
-0.031662,8.591589,3.135241,0.847137,0.850053
-0.035679,8.593224,3.136514,0.853504,0.855281
-0.035679,8.593224,3.136514,0.849551,0.847317
-0.122158,8.592111,3.136799,0.846791,0.848615
-0.136451,8.591683,3.136729,0.849783,0.845747
-0.136451,8.591683,3.136729,0.847759,0.850973
-0.258638,8.585484,3.131989,0.8482,0.851362
-0.272187,8.590808,3.133652,0.849819,0.848326
-0.322847,8.592184,3.130584,0.851237,0.851804
-0.322847,8.592184,3.130584,0.850545,0.845349
-0.377498,8.591976,3.123049,0.851535,0.853457
-0.438867,8.59776,3.123049,0.849491,0.849777
-0.438867,8.59776,3.122105,0.850429,0.847721
-0.49496,8.60322,3.125132,0.849487,0.848493
-0.562652,8.606197,3.11851,0.850839,0.850603
-0.562652,8.606197,3.11851,0.847405,0.847867
-0.617536,8.609546,3.117591,0.850982,0.847553
-0.670842,8.614486,3.117288,0.84843,0.850324
-0.724246,8.617651,3.11623,0.850878,0.852482
-0.724246,8.617651,3.11623,0.854465,0.850148
-0.795086,8.619933,3.116089,0.852516,0.848964
-0.846894,8.621359,3.11855,0.850504,0.85082
-0.902465,8.620346,3.118719,0.851089,0.85308
-0.923258,8.618863,3.119939,0.85202,0.846505
-0.923258,8.618863,3.119939,0.848887,0.849136
-1.029278,8.614302,3.125051,0.850384,0.845958
-1.106939,8.611622,3.122643,0.846285,0.849905
-1.106939,8.611622,3.122643,0.848898,0.848908
-1.11412,8.607312,3.128277,0.853334,0.845697
-1.178458,8.603361,3.129124,0.852749,0.848987
-1.178458,8.603361,3.129124,0.850066,0.852019
-1.221497,8.595534,3.133801,0.851478,0.850881
-1.309077,8.59843,3.135485,0.853501,0.850658
-1.309326,8.597872,3.135144,0.847915,0.851889
-1.309326,8.597872,3.135144,0.851748,0.848403
-1.409597,8.599481,3.134972,0.84763,0.852854
-1.43989,8.600773,3.134179,0.85071,0.846643
-1.43989,8.600773,3.134179,0.850157,0.853961
-1.477755,8.593757,3.13044,0.851221,0.8504
-1.5184,8.596682,3.130937,0.849183,0.84914
-1.579915,8.599395,3.131363,0.849671,0.854871
-1.579915,8.599395,3.131363,0.849384,0.845404
-1.622775,8.598663,3.129222,0.849442,0.851521
-1.693461,8.595333,3.125637,0.848847,0.849305
-1.732866,8.603051,3.12433,0.850348,0.846881
-1.732866,8.603051,3.12433,0.846426,0.849535
-1.80348,8.605897,3.122226,0.847627,0.849265
-1.848737,8.60827,3.120663,0.851352,0.85177
-1.923364,8.616953,3.119501,0.847098,0.85225
-1.923364,8.616953,3.119501,0.8513,0.853088
-1.968975,8.619627,3.118552,0.851378,0.849673
-2.029359,8.624945,3.118538,0.851737,0.848389
-2.071184,8.626529,3.118736,0.850732,0.846443
-2.071184,8.626529,3.118736,0.85061,0.85162
-2.102009,8.629741,3.120014,0.850237,0.847754
-2.15786,8.632823,3.120078,0.851657,0.851405
-2.15786,8.632823,3.120078,0.849843,0.853273
-2.280356,8.626837,3.125399,0.847557,0.850566
-2.274026,8.618357,3.126902,0.848462,0.852812
-2.344287,8.615116,3.126902,0.850931,0.850976
-2.344287,8.615116,3.131875,0.852952,0.852606
-2.358402,8.611342,3.132272,0.852612,0.848557
-2.425973,8.611643,3.138437,0.851667,0.850344
-2.488469,8.614308,3.140274,0.851319,0.849859
-2.488469,8.614308,3.140274,0.846458,0.850243
-2.543631,8.614242,-3.139285,0.849925,0.847823
-2.640112,8.616536,-3.137843,0.847303,0.850642
-2.710301,8.621623,-3.136634,0.845067,0.849515
-2.710301,8.621623,-3.136634,0.850242,0.847663
-2.726863,8.623342,-3.136151,0.851128,0.851621
-2.77401,8.621103,-3.13625,0.851128,0.851621
-2.821864,8.623131,-3.135845,0.849962,0.851844
-2.874354,8.619569,-3.137558,0.850198,0.842919
-2.925071,8.617792,-3.13741,0.84816,0.850425
-2.925071,8.617792,-3.13741,0.851857,0.848939
-2.976783,8.616815,-3.138309,0.844371,0.853237
-3.027971,8.616041,-3.138743,0.848759,0.852739
-3.027971,8.616041,-3.138743,0.849815,0.850504
-3.076913,8.620112,-3.135052,0.846772,0.851045
-3.135184,8.620002,-3.135768,0.844615,0.850197
-3.188891,8.617039,-3.137644,0.84979,0.850297
-3.188891,8.617039,-3.137644,0.852973,0.848526
-3.256081,8.612604,-3.137028,0.85293,0.851328
-3.346195,8.610411,-3.138857,0.849118,0.847289
-3.346195,8.610411,-3.138857,0.853283,0.848404
-3.392156,8.609061,3.141086,0.846256,0.853689
-3.446588,8.609463,-3.138857,0.849957,0.850514
-3.499053,8.608833,-3.13889,0.850483,0.843967
-3.499053,8.608833,-3.13889,0.847198,0.847116
-3.553211,8.611386,-3.139287,0.847892,0.849417
-3.553211,8.611386,-3.139287,0.847675,0.852658
-3.652581,8.608566,3.140038,0.847622,0.852308
-3.71714,8.608429,3.140038,0.85032,0.851206
-3.71714,8.608429,3.139974,0.848249,0.852993
-3.740943,8.609758,3.136385,0.848115,0.850802
-3.789061,8.608066,3.137401,0.848203,0.848805
-3.789061,8.608066,3.137401,0.850709,0.847189
-3.816587,8.60319,3.133559,0.852059,0.850354
-3.86766,8.603078,3.130597,0.850282,0.851186
-3.86766,8.603078,3.130597,0.852776,0.852431
-3.936734,8.606548,3.129266,0.849763,0.850132
-3.996251,8.606388,3.128459,0.854318,0.848694
-3.984434,8.603858,3.126287,0.85509,0.85246
-3.984434,8.603858,3.126287,0.849796,0.848801
-4.10419,8.607645,3.125049,0.847375,0.846792
-4.105009,8.608088,3.123496,0.85039,0.851689
-4.105009,8.608088,3.123496,0.852252,0.849689
-4.154883,8.610543,3.124526,0.852074,0.85495
-4.154883,8.610543,3.124526,0.850186,0.849761
-4.248602,8.608184,3.124633,0.849072,0.84878
-4.314997,8.611905,3.124095,0.849121,0.848374
-4.34728,8.619594,3.124005,0.854489,0.847448
-4.34728,8.619594,3.124005,0.850116,0.846435
-4.423005,8.621895,3.122327,0.851684,0.849496
-4.467318,8.623553,3.112942,0.85203,0.843449
-4.467318,8.623553,3.112942,0.849919,0.850314
-4.519244,8.631217,3.1126,0.85087,0.852165
-4.561648,8.632876,3.112395,0.852035,0.852744
-4.587962,8.639484,3.112395,0.848867,0.852873
-4.587962,8.639484,3.111501,0.84683,0.848935
-4.704958,8.639418,3.111357,0.845036,0.84808
-4.704958,8.639418,3.111357,0.849334,0.847158
-4.778461,8.643085,3.113411,0.844931,0.849912
-4.908155,8.637669,3.113901,0.847955,0.848066
-4.908155,8.637669,3.113901,0.852891,0.845523
-4.961221,8.632469,3.114406,0.847491,0.848686
-5.051205,8.628634,3.117312,0.850434,0.850469
-5.135155,8.624369,3.117312,0.85081,0.849226
-5.135155,8.624369,3.120617,0.854756,0.848703
-5.252279,8.625704,3.121214,0.851288,0.850509
-5.280407,8.622553,3.123206,0.851533,0.853229
-5.280407,8.622553,3.123206,0.849438,0.848205
-5.336415,8.621246,3.124327,0.85272,0.85361
-5.397165,8.618691,3.125749,0.8515,0.850145
-5.446703,8.613595,3.128039,0.851499,0.851866
-5.446703,8.613595,3.128039,0.851792,0.853637
-5.520252,8.61636,3.128034,0.850589,0.852791
-5.548986,8.614967,3.128034,0.847922,0.852153
-5.548986,8.614967,3.12798,0.85353,0.848571
-5.657305,8.623127,3.127168,0.849513,0.852449
-5.657305,8.623127,3.127168,0.848306,0.846348
-5.753266,8.630939,3.121152,0.846401,0.848849
-5.756997,8.628274,3.121158,0.846401,0.848849
-5.794109,8.63237,3.121158,0.846354,0.85006
-5.794109,8.63237,3.119151,0.847722,0.851
-5.850879,8.637378,3.117866,0.848152,0.851455
-5.938471,8.641056,3.120461,0.851368,0.851115
-6.011006,8.642792,3.120461,0.850299,0.852609
-6.011006,8.642792,3.121395,0.850299,0.852609
-6.02297,8.647631,3.122716,0.848741,0.848289
-6.115195,8.646362,3.124689,0.848741,0.848289
-6.189254,8.650415,3.128836,0.849257,0.848229
-6.189254,8.650415,3.128836,0.851252,0.85233
-6.207105,8.650433,3.136348,0.852553,0.847299
-6.31279,8.64921,-3.141488,0.851277,0.846412
-6.31843,8.645402,-3.141435,0.847385,0.852812
-6.346057,8.645174,-3.141435,0.84898,0.850728
-6.346057,8.645174,-3.136419,0.846793,0.850615
-6.387303,8.655422,-3.125279,0.851981,0.848786
-6.441828,8.663046,-3.120349,0.853802,0.851944
-6.504251,8.66357,-3.116703,0.850283,0.849438
-6.590964,8.661044,-3.116703,0.848818,0.850107
-6.590964,8.661044,-3.115066,0.851424,0.851912
-6.596169,8.661401,-3.115066,0.847647,0.849438
-6.596169,8.661401,-3.114429,0.850855,0.853302
-6.703102,8.653775,-3.110037,0.850016,0.850091
-6.703102,8.653775,-3.110037,0.8474,0.850658
-6.712713,8.645384,-3.102029,0.846848,0.850629
-6.844903,8.631917,-3.093647,0.850109,0.851299
-6.849629,8.625949,-3.088311,0.852362,0.849576
-6.92651,8.619532,-3.085187,0.85009,0.873961
-6.92651,8.619532,-3.085187,0.850684,0.880814
-6.950566,8.616112,-3.080481,0.803063,0.898746
-6.996762,8.615855,-3.079855,0.799188,0.898131
-7.039838,8.613409,-3.080045,0.800229,0.898224
-7.083095,8.612089,-3.080735,0.800531,0.900093
-7.130645,8.6098,-3.080735,0.795971,0.897983
-7.130645,8.6098,-3.081382,0.799758,0.901103
-7.188198,8.605205,-3.083088,0.799698,0.896779
-7.228273,8.603,-3.086378,0.800723,0.894879
-7.228273,8.603,-3.086378,0.801863,0.897274
-7.289035,8.603289,-3.088246,0.798629,0.899801
-7.343504,8.598581,-3.091701,0.797706,0.899085
-7.386241,8.596167,-3.100073,0.798555,0.901802
-7.441805,8.59717,-3.103839,0.801147,0.90094
-7.441805,8.59717,-3.103839,0.800945,0.900461
-7.486011,8.598202,-3.107901,0.797422,0.900906
-7.486011,8.598202,-3.107901,0.798268,0.9019
-7.546942,8.590842,-3.118689,0.799872,0.899277
-7.595652,8.59033,-3.11851,0.801662,0.902501
-7.683981,8.589344,-3.121314,0.800851,0.899763
-7.703924,8.593267,-3.121696,0.799041,0.897886
-7.703924,8.593267,-3.121696,0.799004,0.898226
-7.788828,8.602635,-3.121004,0.803121,0.900627
-7.833949,8.60217,-3.121617,0.803683,0.899833
-7.833949,8.60217,-3.121617,0.799544,0.903508
-7.888179,8.59753,-3.123428,0.802447,0.902263
-8.004589,8.59659,-3.123977,0.796941,0.901317
-8.011757,8.592172,-3.125223,0.802536,0.89747
-8.086721,8.586632,-3.128507,0.804212,0.89948
-8.086721,8.586632,-3.128507,0.798273,0.895991
-8.101904,8.582354,-3.130485,0.802503,0.903206
-8.161501,8.580593,-3.130346,0.797525,0.897142
-8.220954,8.580574,-3.130705,0.799524,0.901562
-8.269992,8.576466,-3.132249,0.798903,0.901038
-8.269992,8.576466,-3.132249,0.798305,0.901715
-8.357509,8.572439,-3.13402,0.80466,0.898341
-8.357509,8.572439,-3.13402,0.801049,0.901326
-8.417445,8.567522,-3.137098,0.801049,0.901326
-8.498563,8.563386,3.140519,0.797409,0.901943
-8.497765,8.561721,3.132961,0.798029,0.895223
-8.497765,8.561721,3.132961,0.80358,0.900404
-8.54131,8.564235,3.124125,0.800049,0.903136
-8.581568,8.569242,3.117694,0.79639,0.898904
-8.628933,8.575501,3.114567,0.802457,0.897782
-8.702421,8.586394,3.114567,0.801212,0.900812
-8.702421,8.586394,3.123111,0.800178,0.901646
-8.728185,8.607508,3.112673,0.800405,0.897825
-8.783664,8.619684,3.111621,0.796704,0.902826
-8.841511,8.621418,3.111934,0.796491,0.902037
-8.841511,8.621418,3.111934,0.799457,0.901752
-8.892595,8.62197,3.110309,0.80668,0.901968
-8.936394,8.622795,3.110008,0.807653,0.899739
-8.936394,8.622795,3.110008,0.826906,0.897037
-9.019344,8.621194,3.106344,0.849903,0.866889
-9.019344,8.621194,3.106344,0.84995,0.859781
-9.120163,8.618391,3.105418,0.852091,0.851632
-9.120163,8.618391,3.105418,0.849087,0.848508
-9.170357,8.624526,3.109695,0.852466,0.847093
-9.260468,8.628142,3.109901,0.852593,0.850388
-9.270536,8.625994,3.109901,0.850963,0.84702
-9.270536,8.625994,3.108604,0.852145,0.849318
-9.324589,8.628793,3.11086,0.851105,0.848733
-9.372512,8.6339,3.111542,0.848402,0.849854
-9.372512,8.6339,3.111542,0.851708,0.845369
-9.423905,8.636116,3.111605,0.851708,0.845369
-9.476357,8.638333,3.110798,0.849754,0.849873
-9.476357,8.638333,3.110798,0.852185,0.851421
-9.55077,8.639369,3.113859,0.848594,0.848994
-9.623086,8.64038,3.118712,0.852105,0.853629
-9.675593,8.639201,3.110575,0.845835,0.848357
-9.675593,8.639201,3.110575,0.84662,0.849245
-9.726068,8.643188,3.112631,0.851842,0.853564
-9.769206,8.642393,3.119059,0.851842,0.853564
-9.818823,8.63507,3.125743,0.849619,0.849069
-9.864162,8.620803,3.134482,0.848331,0.849704
-9.864162,8.620803,3.134482,0.850061,0.853989
-9.917359,8.60153,3.140827,0.852081,0.850577
-9.972953,8.601052,-3.139533,0.853304,0.848637
-10.069015,8.600935,-3.13755,0.849698,0.847952
-10.069015,8.600935,-3.13755,0.851279,0.849762
-10.085358,8.607373,-3.137304,0.850128,0.84858
-10.164623,8.611628,-3.134099,0.852004,0.854035
-10.163932,8.622695,-3.134099,0.850245,0.851405
-10.163932,8.622695,-3.133142,0.849835,0.852708
-10.213757,8.624569,-3.129988,0.849452,0.855233
-10.270738,8.624466,-3.129819,0.849452,0.855233
-10.336899,8.625703,-3.126786,0.850973,0.869656
-10.336899,8.625703,-3.126786,0.806593,0.898444
-10.37069,8.631785,-3.126495,0.801369,0.90121
-10.412128,8.634927,-3.123564,0.801615,0.903128
-10.521339,8.630938,-3.120205,0.798429,0.901158
-10.513812,8.629668,-3.118897,0.79973,0.9
-10.513812,8.629668,-3.118897,0.800997,0.899939
-10.551444,8.621509,-3.116245,0.800186,0.89711
-10.64036,8.60888,-3.111213,0.797971,0.896944
-10.661284,8.622761,-3.111213,0.803772,0.897318
-10.661284,8.622761,-3.125346,0.803772,0.897318
-10.731906,8.631287,-3.124405,0.800636,0.901515
-10.813873,8.630906,-3.124076,0.802364,0.898934
-10.820298,8.631971,-3.12515,0.803975,0.895451
-10.820298,8.631971,-3.12515,0.799878,0.899576
-10.89164,8.629523,-3.124258,0.802794,0.898236
-10.931727,8.62358,-3.125727,0.801353,0.899811
-10.970437,8.616572,-3.127802,0.799574,0.8958
-11.020015,8.61007,-3.128381,0.801686,0.899175
-11.020015,8.61007,-3.128381,0.797984,0.901654
-11.058958,8.603098,-3.128622,0.799164,0.901769
-11.118353,8.603535,3.138966,0.798478,0.899282
-11.228312,8.603132,3.139358,0.799383,0.900622
-11.228312,8.603132,3.139358,0.798712,0.89954
-11.286797,8.598175,3.137696,0.805412,0.902214
-11.354935,8.58612,3.141445,0.805629,0.904235
-11.413442,8.578611,3.134549,0.805629,0.904235
-11.468196,8.577126,3.126229,0.798848,0.901407
-11.468196,8.577126,3.126229,0.797586,0.899717
-11.50963,8.590051,3.106426,0.795141,0.902253
-11.558991,8.599984,3.112486,0.798963,0.899865
-11.639211,8.595131,3.132745,0.798021,0.901935
-11.639211,8.595131,3.132745,0.799636,0.897658
-11.710882,8.596674,3.141316,0.801759,0.903254
-11.754195,8.607013,-3.131758,0.799059,0.904892
-11.790591,8.607783,-3.12597,0.801578,0.89929
-11.838075,8.593308,-3.103408,0.785555,0.928952
-11.838075,8.593308,-3.103408,0.785206,0.934439
-11.890781,8.578538,-3.090887,0.775661,0.908628
-11.944383,8.570084,-3.082105,0.794138,0.943286
-11.988452,8.564093,-3.080056,0.775673,0.926751
-11.988452,8.564093,-3.080056,0.763004,0.915866
-12.043363,8.571595,-3.094897,0.765741,0.912241
-12.100979,8.564432,-3.089548,0.757729,0.873472
-12.151757,8.553814,-3.087257,0.80208,0.758677
-12.21106,8.548991,-3.100477,0.799743,0.738282
-12.21106,8.548991,-3.100477,0.799686,0.699896
-12.252408,8.546372,-3.113149,0.796894,0.71273
-12.333154,8.553273,-3.121398,0.799319,0.743633
-12.333154,8.553273,-3.121398,0.747678,0.748837
-12.353414,8.553022,-3.118074,0.747774,0.750435
-12.40659,8.535498,-3.098994,0.748223,0.752891
-12.490861,8.521767,-3.084351,0.749776,0.753913
-12.490861,8.521767,-3.084351,0.752679,0.748469
-12.490825,8.525827,-3.078914,0.750975,0.750891
-12.544131,8.524567,-3.065071,0.74999,0.750647
-12.62071,8.521521,-3.043293,0.750377,0.778227
-12.62071,8.521521,-3.043293,0.714344,0.800962
-12.642551,8.518729,-3.027798,0.706174,0.801206
-12.693016,8.496133,-2.985858,0.698361,0.800997
-12.722152,8.478598,-2.967701,0.698095,0.835683
-12.744899,8.466401,-2.963891,0.698797,0.848084
-12.744899,8.466401,-2.963891,0.684837,0.851349
-12.769547,8.466773,-2.945386,0.66345,0.851384
-12.810518,8.442618,-2.91634,0.647691,0.873128
-12.810518,8.442618,-2.91634,0.649922,0.900955
-12.877964,8.420482,-2.901197,0.652426,0.898422
-12.916735,8.407387,-2.89139,0.645675,0.911587
-12.958122,8.387376,-2.867402,0.606338,0.941116
-12.982941,8.373556,-2.867402,0.618311,0.965124
-12.982941,8.373556,-2.851659,0.588263,0.985475
-12.993683,8.363471,-2.842694,0.5796,1.008591
-13.049749,8.330921,-2.795633,0.59583,1.032619
-13.049749,8.330921,-2.795633,0.609282,1.062357
-13.080314,8.312851,-2.769563,0.63261,1.092841
-13.080314,8.312851,-2.769563,0.648378,1.103546
-13.154209,8.272806,-2.732714,0.656022,1.134934
-13.150621,8.269812,-2.724594,0.656022,1.134934
-13.170499,8.244264,-2.676335,0.658087,1.207407
-13.170499,8.244264,-2.676335,0.663065,1.233862
-13.19279,8.220317,-2.642419,0.663839,1.260397
-13.207642,8.195442,-2.632989,0.671181,1.30028
-13.209955,8.186583,-2.610758,0.675479,1.306787
-13.221732,8.163304,-2.575997,0.679121,1.356999
-13.221732,8.163304,-2.575997,0.669598,1.407836
-13.253159,8.136581,-2.530867,0.669482,1.43598
-13.26862,8.114823,-2.519913,0.664686,1.523401
-13.27762,8.100288,-2.504414,0.664686,1.523401
-13.283099,8.08437,-2.488338,0.6516,1.624426
-13.283099,8.08437,-2.488338,0.647667,1.661214
-13.304286,8.057525,-2.418481,0.645803,1.689454
-13.309099,8.024489,-2.407248,0.642329,1.698638
-13.309099,8.024489,-2.407248,0.643087,1.682779
-13.330855,7.986092,-2.373658,0.642808,1.642771
-13.356942,7.948094,-2.314248,0.642245,1.58661
-13.356942,7.948094,-2.314248,0.639214,1.543687
-13.35508,7.934596,-2.299112,0.637307,1.533202
-13.35508,7.934596,-2.299112,0.639561,1.491498
-13.361239,7.911165,-2.296632,0.640779,1.450056
-13.361239,7.911165,-2.296632,0.641181,1.409964
-13.399568,7.833793,-2.235402,0.642562,1.404851
-13.412048,7.807028,-2.183661,0.640075,1.370555
-13.41739,7.796468,-2.166665,0.630616,1.333101
-13.41739,7.796468,-2.166665,0.631296,1.303523
-13.423099,7.762211,-2.138664,0.63372,1.278014
-13.433841,7.726198,-2.117006,0.630904,1.26347
-13.444448,7.690402,-2.078034,0.633512,1.246078
-13.444448,7.690402,-2.078034,0.638013,1.223719
-13.440505,7.679926,-2.060278,0.640323,1.218385
-13.454994,7.585655,-2.03347,0.639496,1.200234
-13.454994,7.585655,-2.03347,0.648035,1.177063
-13.454212,7.576199,-2.012021,0.652378,1.168825
-13.454212,7.576199,-2.012021,0.649897,1.156442
-13.473871,7.531748,-1.989919,0.652012,1.138553
-13.479733,7.479787,-1.963223,0.6489,1.122607
-13.48548,7.406691,-1.945693,0.65384,1.113829
-13.48548,7.406691,-1.945693,0.656922,1.105024
-13.476711,7.354835,-1.946763,0.66264,1.095007
-13.466047,7.313376,-1.934362,0.661813,1.079638
-13.460177,7.299448,-1.928802,0.665822,1.069798
-13.469367,7.285276,-1.928802,0.667668,1.062191
-13.469367,7.285276,-1.904714,0.673253,1.051304
-13.493576,7.259537,-1.893132,0.675149,1.049602
-13.493576,7.259537,-1.893132,0.681064,1.043825
-13.497703,7.212574,-1.847929,0.69207,1.025913
-13.502272,7.158265,-1.841715,0.695662,1.019054
-13.506123,7.122982,-1.840393,0.697496,1.006654
-13.506123,7.122982,-1.840393,0.698114,0.993671
-13.510603,7.022187,-1.840393,0.698316,0.9967
-13.512922,6.998385,-1.81052,0.698868,0.998122
-13.512922,6.998385,-1.791454,0.699288,0.997729
-13.535184,6.918365,-1.781738,0.698916,0.993117
-13.545588,6.868543,-1.776156,0.698862,0.976306
-13.545588,6.868543,-1.776156,0.70004,0.963717
-13.544477,6.854341,-1.772027,0.69724,0.95366
-13.554592,6.760052,-1.765479,0.706248,0.9486
-13.543248,6.730546,-1.765479,0.710341,0.955124
-13.543248,6.730546,-1.749002,0.717123,0.952537
-13.542373,6.663153,-1.741772,0.717123,0.952537
-13.54034,6.623044,-1.73614,0.727657,0.949289
-13.54034,6.623044,-1.73614,0.744916,0.951917
-13.549424,6.572651,-1.725639,0.747086,0.950167
-13.575848,6.506032,-1.707595,0.748743,0.949265
-13.579384,6.481685,-1.684145,0.746737,0.936303
-13.579384,6.481685,-1.684145,0.7514,0.921207
-13.583869,6.427809,-1.682569,0.751471,0.910149
-13.589303,6.338498,-1.682569,0.753073,0.898679
-13.60181,6.301301,-1.689252,0.75115,0.898485
-13.60181,6.301301,-1.689252,0.75115,0.898485
-13.604456,6.289259,-1.689786,0.750211,0.903919
-13.61215,6.246429,-1.686531,0.75024,0.89936
-13.608407,6.194971,-1.686531,0.749736,0.897926
-13.608407,6.194971,-1.675893,0.748988,0.904002
-13.611409,6.138461,-1.672154,0.752758,0.900386
-13.611172,6.104426,-1.666993,0.750917,0.898906
-13.611172,6.104426,-1.666993,0.750405,0.901449
-13.618546,5.991453,-1.652256,0.750396,0.903189
-13.618546,5.991453,-1.652256,0.749507,0.901687
-13.619075,5.95071,-1.646717,0.743742,0.901668
-13.619775,5.917176,-1.640492,0.746181,0.898261
-13.619775,5.917176,-1.640492,0.750457,0.899583
-13.609093,5.828036,-1.627108,0.748305,0.899851
-13.612189,5.797954,-1.624601,0.74985,0.90095
-13.605515,5.733248,-1.608226,0.751707,0.904042
-13.607761,5.658525,-1.608226,0.748441,0.898087
-13.607761,5.658525,-1.600779,0.749294,0.899679
-13.618813,5.652658,-1.601482,0.746467,0.898056
-13.614572,5.597764,-1.595377,0.758978,0.90353
-13.61566,5.553827,-1.595377,0.763274,0.900744
-13.61566,5.553827,-1.592864,0.799517,0.887085
-13.615465,5.466711,-1.596511,0.7977,0.867254
-13.615465,5.466711,-1.596511,0.799732,0.85573
-13.615138,5.41367,-1.597003,0.795891,0.850216
-13.618756,5.377853,-1.595139,0.797403,0.846316
-13.617044,5.340077,-1.597316,0.802798,0.851865
-13.617044,5.340077,-1.597316,0.799387,0.850659
-13.622589,5.273487,-1.59864,0.801105,0.848979
-13.63091,5.204516,-1.60044,0.808541,0.851524
-13.634085,5.146126,-1.597719,0.870849,0.847606
-13.631799,5.140789,-1.598669,1.206157,0.851817
-13.631083,5.089699,-1.599806,1.680851,1.054006
-13.631083,5.089699,-1.599806,1.801193,1.202354
-13.628041,4.997843,-1.602185,1.795329,1.490686
-13.628041,4.997843,-1.602185,1.786385,1.607728
-13.627095,4.988089,-1.598329,1.789783,1.640265
-13.62674,4.913427,-1.603803,1.788741,1.636637
-13.626998,4.896247,-1.602771,1.803982,1.655378
-13.622765,4.855527,-1.601947,1.796543,1.676347
-13.623265,4.820007,-1.601947,1.790545,1.641277
-13.623265,4.820007,-1.601284,1.791583,1.647061
-13.621179,4.758481,-1.601329,1.816282,1.666162
-13.618079,4.698304,-1.599451,1.793197,1.644111
-13.616113,4.666854,-1.599177,1.793498,1.645086
-13.614806,4.628234,-1.598533,1.803745,1.649638
-13.613072,4.582091,-1.598802,1.800944,1.645407
-13.612897,4.536222,-1.596291,1.785169,1.628795
-13.613645,4.500868,-1.59653,1.815657,1.661314
-13.613645,4.500868,-1.59653,1.812862,1.662396
-13.611787,4.461551,-1.59684,1.797729,1.648562
-13.612923,4.412039,-1.596034,1.797018,1.630052
-13.615062,4.370897,-1.596732,1.814431,1.671912
-13.633294,4.333881,-1.604151,1.798198,1.637981
-13.646271,4.269047,-1.604151,1.796925,1.651578
-13.646271,4.269047,-1.604261,1.805799,1.662093
-13.650875,4.20398,-1.602091,1.808799,1.656584
-13.65082,4.187428,-1.604953,1.827368,1.622839
-13.652136,4.122878,-1.603763,1.793488,1.639634
-13.657512,4.074664,-1.603763,1.807086,1.662512
-13.657512,4.074664,-1.603074,1.807849,1.661872
-13.6584,4.024734,-1.600414,1.826686,1.633662
-13.659822,3.975089,-1.599584,1.802728,1.653292
-13.660325,3.923227,-1.597409,1.82271,1.627294
-13.660325,3.923227,-1.597409,1.796322,1.650505
-13.662752,3.85639,-1.595457,1.796322,1.650505
-13.663758,3.84257,-1.584965,1.82634,1.625792
-13.667191,3.757383,-1.577324,1.808357,1.66382
-13.67262,3.725855,-1.574561,1.796145,1.648873
-13.67262,3.725855,-1.574561,1.791132,1.636942
-13.669747,3.625368,-1.559737,1.821779,1.470958
-13.669206,3.624778,-1.559024,1.809823,1.256197
-13.664286,3.583628,-1.558726,1.787193,1.009714
-13.662131,3.53168,-1.558726,1.627394,0.854105
-13.659549,3.507071,-1.559637,1.20062,0.851142
-13.653574,3.451872,-1.559637,0.749963,0.852056
-13.653574,3.451872,-1.56105,0.747711,0.849694
-13.648922,3.415581,-1.559702,0.747821,0.847672
-13.645217,3.334449,-1.560318,0.748681,0.847397
-13.641013,3.302636,-1.562429,0.756814,0.850684
-13.641013,3.302636,-1.562429,0.751689,0.849449
-13.639544,3.286857,-1.566857,0.757044,0.851792
-13.631251,3.190206,-1.567933,0.748182,0.850171
-13.631251,3.190206,-1.567933,0.746835,0.849986
-13.629493,3.169594,-1.573737,0.747812,0.849115
-13.628731,3.103362,-1.573734,0.750454,0.851507
-13.625698,3.036871,-1.578125,0.750607,0.850587
-13.633555,2.976352,-1.599208,0.746813,0.84704
-13.633555,2.976352,-1.599208,0.75084,0.851301
-13.636432,2.921389,-1.607045,0.750633,0.850895
-13.644139,2.891843,-1.602369,0.750267,0.852017
-13.643902,2.842205,-1.608699,0.753127,0.851972
-13.643923,2.803051,-1.614429,0.75085,0.847922
-13.643923,2.803051,-1.614429,0.755283,0.849255
-13.651171,2.754907,-1.608298,0.749316,0.85076
-13.651909,2.700987,-1.610275,0.753793,0.845834
-13.650795,2.655014,-1.611061,0.757975,0.850109
-13.658945,2.595535,-1.597911,0.752247,0.848738
-13.658945,2.595535,-1.597911,0.756883,0.851429
-13.66313,2.546386,-1.598547,0.752016,0.853779
-13.65912,2.504756,-1.601876,0.753194,0.849836
-13.648508,2.427215,-1.602855,0.751709,0.850167
-13.648508,2.427215,-1.602855,0.752672,0.850497
-13.663891,2.348605,-1.601104,0.752442,0.847179
-13.676304,2.32475,-1.5975,0.750038,0.849756
-13.676304,2.32475,-1.5975,0.750018,0.853115
-13.678355,2.263178,-1.599259,0.753198,0.845338
-13.674952,2.216653,-1.599163,0.752457,0.849107
-13.664508,2.148818,-1.596313,0.752529,0.850372
-13.664508,2.148818,-1.596313,0.74677,0.849454
-13.661556,2.017484,-1.566684,0.750153,0.850856
-13.664211,2.019519,-1.564438,0.746198,0.850595
-13.657386,1.954916,-1.561838,0.742547,0.848786
-13.653514,1.959774,-1.561838,0.751281,0.851284
-13.653514,1.959774,-1.559859,0.750275,0.847712
-13.644916,1.926233,-1.560935,0.750716,0.851943
-13.647961,1.865307,-1.589938,0.749823,0.848983
-13.644648,1.809172,-1.598425,0.750325,0.853479
-13.638161,1.762371,-1.606554,0.752606,0.849875
-13.635012,1.732489,-1.607398,0.79979,0.804986
-13.647702,1.671388,-1.638106,0.797904,0.799485
-13.650448,1.630914,-1.641304,0.79969,0.799444
-13.650448,1.630914,-1.641304,0.801249,0.798763
-13.66622,1.569203,-1.659981,0.799417,0.801048
-13.680363,1.517704,-1.663426,0.805546,0.799272
-13.69168,1.448961,-1.682812,0.828199,0.79789
-13.691781,1.395153,-1.68289,0.847723,0.803312
-13.691781,1.395153,-1.68289,0.848459,0.789826
-13.691781,1.395153,-1.68289,0.846975,0.775689
-13.718794,1.283104,-1.699935,0.851589,0.770205
-13.724496,1.21329,-1.662979,0.847283,0.772266
-13.721097,1.181541,-1.659219,0.852932,0.775983
-13.72954,1.094128,-1.653284,0.839095,0.801328
-13.72954,1.094128,-1.653284,0.798694,0.797833
-13.712077,1.038819,-1.624099,0.798694,0.797833
-13.712077,1.038819,-1.624099,0.799976,0.799005
-13.704547,1.006006,-1.580491,0.799711,0.796565
-13.713379,1.008148,-1.559492,0.804408,0.800531
-13.694937,0.967225,-1.531368,0.752915,0.8486
-13.690465,0.92064,-1.487751,0.754216,0.85109
-13.690465,0.92064,-1.487751,0.747474,0.85207
-13.686017,0.886136,-1.451711,0.748862,0.899556
-13.661966,0.851126,-1.431271,0.748862,0.899556
-13.632162,0.819508,-1.399378,0.711267,0.899617
-13.609775,0.765897,-1.34188,0.703123,0.946016
-13.586037,0.739597,-1.326201,0.701982,0.949888
-13.5685,0.718541,-1.312573,0.693876,0.972344
-13.5685,0.718541,-1.312573,0.662035,1.003536
-13.537368,0.684797,-1.293709,0.647273,1.008647
-13.537368,0.684797,-1.283341,0.65273,1.023284
-13.515676,0.650318,-1.277688,0.649827,1.035826
-13.515676,0.650318,-1.277688,0.622908,1.063107
-13.491342,0.621315,-1.273341,0.60769,1.079145
-13.488326,0.614307,-1.24387,0.600328,1.102327
-13.475858,0.570031,-1.226751,0.580933,1.121933
-13.451265,0.507709,-1.226751,0.576144,1.133082
-13.451265,0.507709,-1.190469,0.586181,1.156756
-13.431519,0.46231,-1.176544,0.571361,1.190805
-13.407554,0.421514,-1.162065,0.60161,1.214205
-13.390251,0.395497,-1.141367,0.690976,1.244621
-13.363174,0.353028,-1.115753,0.697152,1.267823
-13.346762,0.334126,-1.115753,0.724823,1.309743
-13.346762,0.334126,-1.092293,0.744678,1.350962
-13.322269,0.305369,-1.092293,0.739259,1.366364
-13.322269,0.305369,-1.057336,0.738812,1.428505
-13.290974,0.28709,-1.009112,0.738571,1.464797
-13.290974,0.28709,-1.009112,0.732218,1.489728
-13.263658,0.275354,-0.980312,0.732617,1.539615
-13.263658,0.275354,-0.980312,0.732632,1.59582
-13.226835,0.243832,-0.942567,0.730191,1.630544
-13.226835,0.243832,-0.942567,0.732856,1.651961
-13.218542,0.241257,-0.941254,0.730806,1.647573
-13.166762,0.207863,-0.869785,0.731664,1.613118
-13.161009,0.207395,-0.869785,0.737151,1.544257
-13.161009,0.207395,-0.854553,0.739635,1.491017
-13.114765,0.177102,-0.817881,0.737756,1.482182
-13.100945,0.177866,-0.796348,0.744061,1.408728
-13.075391,0.176817,-0.799074,0.74527,1.367837
-13.044205,0.147121,-0.799074,0.745525,1.334474
-13.044205,0.147121,-0.750527,0.750005,1.301416
-13.01726,0.124688,-0.7345,0.757272,1.291605
-12.9822,0.113821,-0.70982,0.763871,1.2496
-12.954175,0.106597,-0.708285,0.769605,1.225441
-12.931429,0.107641,-0.708285,0.771692,1.182286
-12.931429,0.107641,-0.677815,0.777237,1.152919
-12.896245,0.081782,-0.654761,0.779838,1.142706
-12.857185,0.05732,-0.647694,0.786478,1.106587
-12.836324,0.044616,-0.621312,0.786478,1.106587
-12.806494,0.038214,-0.605004,0.79816,1.054357
-12.806494,0.038214,-0.605004,0.797182,1.033216
-12.77837,0.027222,-0.598772,0.794467,1.03052
-12.752167,0.0249,-0.567001,0.801531,0.997945
-12.711228,0.005733,-0.541234,0.800745,0.973248
-12.655659,-0.020984,-0.504048,0.800745,0.973248
-12.650945,-0.012639,-0.510663,0.804355,0.950796
-12.620158,-0.022992,-0.475294,0.80086,0.925514
-12.594079,-0.027234,-0.474336,0.801643,0.917487
-12.594079,-0.027234,-0.474336,0.806777,0.898429
-12.564873,-0.043428,-0.442979,0.803404,0.886321
-12.531088,-0.044524,-0.425011,0.804576,0.881195
-12.501301,-0.04669,-0.415204,0.806834,0.867279
-12.457189,-0.051647,-0.415204,0.810335,0.849445
-12.457189,-0.051647,-0.389388,0.806611,0.849934
-12.397811,-0.057176,-0.365483,0.808016,0.848069
-12.37523,-0.063173,-0.365483,0.807401,0.821439
-12.37523,-0.063173,-0.34472,0.812212,0.815248
-12.337451,-0.072773,-0.327097,0.825816,0.809956
-12.297348,-0.082135,-0.301709,0.826338,0.804546
-12.264291,-0.080138,-0.292966,0.825469,0.825936
-12.264291,-0.080138,-0.292966,0.819024,0.871012
-12.218633,-0.088256,-0.275352,0.828608,0.904323
-12.178263,-0.091082,-0.263422,0.832264,0.914873
-12.127844,-0.096201,-0.248279,0.833596,0.904321
-12.094484,-0.103523,-0.248279,0.841145,0.898564
-12.094484,-0.103523,-0.243559,0.845546,0.90224
-12.057862,-0.105384,-0.225951,0.850188,0.899933
-12.020461,-0.11003,-0.222502,0.846334,0.901388
-11.978942,-0.120883,-0.189723,0.846334,0.901388
-11.9347,-0.115927,-0.189723,0.848126,0.896575
-11.9347,-0.115927,-0.191505,0.846601,0.891413
-11.884277,-0.118759,-0.178362,0.850976,0.876036
-11.837692,-0.121421,-0.168581,0.848377,0.868989
-11.784266,-0.125546,-0.156956,0.848377,0.868989
-11.732809,-0.130806,-0.156956,0.856105,0.85047
-11.732809,-0.130806,-0.153293,0.847386,0.850146
-11.710229,-0.138303,-0.142023,0.852582,0.84856
-11.671061,-0.146661,-0.132295,0.849036,0.853762
-11.619792,-0.154629,-0.125862,0.851545,0.8463
-11.588633,-0.149422,-0.13362,0.851545,0.8463
-11.532614,-0.148931,-0.123166,0.852301,0.847876
-11.484158,-0.152648,-0.11374,0.852175,0.849247
-11.484158,-0.152648,-0.11374,0.856813,0.848021
-11.439292,-0.152639,-0.109413,0.864197,0.846282
-11.381887,-0.158645,-0.097561,0.865094,0.847761
-11.353607,-0.160261,-0.089288,0.870672,0.852763
-11.353607,-0.160261,-0.089288,0.87631,0.852591
-11.315202,-0.158922,-0.077882,0.88182,0.850247
-11.214302,-0.161164,-0.081171,0.901347,0.850363
-11.220874,-0.158656,-0.077077,0.900571,0.846123
-11.220874,-0.158656,-0.077077,0.898494,0.821216
-11.149017,-0.165908,-0.071741,0.901268,0.815201
-11.132983,-0.170185,-0.064388,0.898662,0.80822
-11.132983,-0.170185,-0.064388,0.898277,0.804735
-11.013447,-0.175261,-0.053823,0.900793,0.805693
-10.938439,-0.176212,-0.045646,0.899025,0.801519
-10.938439,-0.176212,-0.045646,0.901162,0.799151
-10.936525,-0.17213,-0.044708,0.901443,0.797735
-10.869787,-0.170129,-0.038367,0.900966,0.800459
-10.853015,-0.174339,-0.03513,0.902635,0.799064
-10.802776,-0.175508,-0.031815,0.898796,0.801635
-10.777091,-0.181951,-0.026733,0.895962,0.797273
-10.704243,-0.184945,-0.023868,0.898075,0.804517
-10.704243,-0.184945,-0.023868,0.899337,0.79971
-10.658295,-0.183209,-0.028167,0.897374,0.799114
-10.652229,-0.176214,-0.022977,0.901484,0.801451
-10.652229,-0.176214,-0.022977,0.896374,0.800777
-10.527653,-0.175626,-0.014279,0.898489,0.798549
-10.526503,-0.170506,-0.014279,0.905127,0.796833
-10.526503,-0.170506,-0.008162,0.902069,0.805563
-10.454799,-0.169839,-0.006307,0.900144,0.800777
-10.427691,-0.16828,-0.001006,0.90298,0.79735
-10.427691,-0.16828,-0.001006,0.900561,0.803505
-10.369546,-0.168171,0.005659,0.902292,0.810848
-10.297831,-0.17172,0.007276,0.90096,0.824422
-10.203181,-0.170699,0.009422,0.886495,0.851623
-10.203181,-0.170699,0.009422,0.870447,0.850603
-10.195462,-0.167026,0.011645,0.855187,0.849963
-10.137549,-0.167642,0.012302,0.852536,0.850158
-10.137549,-0.167642,0.012302,0.85137,0.84824
-10.087091,-0.171373,0.013116,0.85312,0.849314
-10.015696,-0.168832,0.014536,0.850912,0.84939
-9.939552,-0.169747,0.015984,0.850339,0.849055
-9.905972,-0.165438,0.015984,0.854673,0.850185
-9.905972,-0.165438,0.014191,0.852046,0.849312
-9.838544,-0.164706,0.017137,0.848304,0.849257
-9.733613,-0.159735,0.017137,0.849854,0.848671
-9.733613,-0.159735,0.016457,0.851842,0.852045
-9.719563,-0.156498,0.01781,0.847034,0.849769
-9.658555,-0.156656,0.017903,0.851179,0.84893
-9.627357,-0.154917,0.020315,0.84912,0.848502
-9.580626,-0.156394,0.019456,0.847107,0.847742
-9.54849,-0.156244,0.020067,0.848073,0.848775
-9.54849,-0.156244,0.020067,0.851074,0.851499
-9.507418,-0.155535,0.021793,0.849634,0.849899
-9.447248,-0.156576,0.021402,0.84999,0.852357
-9.392754,-0.155259,0.018294,0.849887,0.850842
-9.392754,-0.155259,0.018294,0.845745,0.854168
-9.368653,-0.154494,0.020105,0.852018,0.848492
-9.306218,-0.154486,0.017399,0.849698,0.851842
-9.251115,-0.154981,0.01861,0.848946,0.854174
-9.171056,-0.153571,0.020538,0.850734,0.848896
-9.137566,-0.15078,0.020538,0.84865,0.848112
-9.137566,-0.15078,0.018,0.85232,0.850465
-9.089786,-0.150999,0.01735,0.850602,0.848367
-9.039905,-0.150632,0.018744,0.848579,0.849289
-9.000191,-0.14714,0.018259,0.847367,0.851691
-9.000191,-0.14714,0.018259,0.852622,0.851528
-8.95686,-0.149132,0.018837,0.849003,0.849586
-8.875263,-0.141413,0.021081,0.852118,0.852856
-8.801091,-0.139594,0.019272,0.853281,0.848909
-8.806059,-0.142068,0.022332,0.852809,0.846486
-8.806059,-0.142068,0.022332,0.84629,0.85133
-8.724895,-0.141592,0.021251,0.850543,0.8524
-8.703573,-0.1422,0.02095,0.851931,0.852025
-8.639016,-0.141074,0.020381,0.850276,0.846221
-8.639016,-0.141074,0.020381,0.848153,0.853535
-8.592817,-0.140767,0.021829,0.852299,0.848998
-8.475281,-0.140188,0.021829,0.848865,0.846246
-8.468505,-0.141269,0.019955,0.848904,0.853288
-8.468505,-0.141269,0.019955,0.852667,0.847776
-8.428324,-0.141128,0.0198,0.850413,0.844147
-8.361125,-0.139881,0.020238,0.85146,0.850226
-8.319878,-0.143173,0.021435,0.848422,0.851443
-8.282331,-0.139527,0.020971,0.851512,0.847534
-8.234703,-0.142256,0.020971,0.854118,0.852454
-8.234703,-0.142256,0.020971,0.847756,0.850599
-8.13343,-0.139962,0.021505,0.846555,0.849447
-8.132384,-0.13584,0.02224,0.847058,0.852997
-8.132384,-0.13584,0.02224,0.848944,0.854518
-8.078566,-0.134447,0.021252,0.848989,0.848915
-8.006856,-0.136246,0.02225,0.851128,0.852519
-8.006856,-0.136246,0.02225,0.84661,0.853506
-7.945582,-0.135546,0.022748,0.849148,0.84978
-7.895186,-0.141449,0.023871,0.850213,0.850993
-7.841417,-0.141441,0.023282,0.851511,0.847951
-7.805858,-0.142151,0.022767,0.848758,0.850344
-7.805858,-0.142151,0.022767,0.850549,0.851784
-7.729873,-0.138864,0.023114,0.848761,0.848221
-7.672389,-0.136604,0.02338,0.851559,0.849302
-7.571535,-0.132788,0.023846,0.850695,0.852958
-7.571535,-0.132788,0.023846,0.849938,0.85016
-7.575708,-0.132163,0.022913,0.849185,0.848361
-7.467613,-0.128957,0.022415,0.85048,0.850874
-7.467613,-0.128957,0.022415,0.849517,0.849976
-7.405224,-0.130937,0.023687,0.850763,0.853878
-7.396762,-0.126633,0.01657,0.848658,0.850045
-7.396762,-0.126633,0.01657,0.852749,0.848886
-7.299674,-0.124092,0.017806,0.846117,0.84652
-7.257103,-0.124404,0.016553,0.853204,0.847362
-7.23942,-0.125303,0.017004,0.851484,0.858112
-7.23942,-0.125303,0.017004,0.849652,0.856414
-7.19343,-0.122982,0.018057,0.849868,0.859687
-7.146983,-0.118661,0.018142,0.850711,0.8538
-7.097735,-0.120602,0.018142,0.850492,0.856752
-7.097735,-0.120602,0.01522,0.85366,0.855552
-7.047225,-0.120032,0.022951,0.849038,0.851407
-6.971677,-0.11905,0.0208,0.849038,0.851407
-6.930446,-0.120326,0.021369,0.853073,0.851293
-6.841944,-0.117704,0.021369,0.848572,0.848759
-6.841944,-0.117704,0.014723,0.851278,0.848857
-6.834424,-0.109036,0.007255,0.849683,0.848032
-6.784227,-0.106487,0.002645,0.853278,0.851325
-6.784227,-0.106487,0.002645,0.847447,0.850565
-6.671104,-0.093689,-0.01928,0.844504,0.851977
-6.671104,-0.093689,-0.01928,0.85514,0.850514
-6.590241,-0.09593,-0.020938,0.851934,0.849876
-6.593788,-0.100611,-0.025436,0.850421,0.849375
-6.593788,-0.100611,-0.025436,0.853447,0.85097
-6.546039,-0.113649,-0.028959,0.851726,0.848921
-6.419834,-0.129602,-0.030148,0.851941,0.849176
-6.419834,-0.129602,-0.030148,0.852575,0.846206
-6.357873,-0.135327,-0.032089,0.852817,0.85457
-6.352986,-0.14154,-0.032217,0.85101,0.84788
-6.298228,-0.148424,-0.032335,0.850956,0.847708
-6.252132,-0.150677,-0.032452,0.849678,0.848851
-6.208027,-0.151679,-0.032477,0.846908,0.84559
-6.208027,-0.151679,-0.032477,0.851049,0.847859
-6.154268,-0.150955,-0.032642,0.847085,0.849437
-6.119505,-0.149746,-0.031623,0.852902,0.851505
-6.060668,-0.148182,-0.032589,0.849388,0.851723
-6.060668,-0.148182,-0.032589,0.850108,0.851849
-6.033872,-0.148113,-0.031841,0.848136,0.849104
-5.994495,-0.152504,-0.031536,0.8541,0.850271
-5.95784,-0.148934,-0.028982,0.852609,0.848361
-5.896267,-0.145452,-0.028982,0.849315,0.848087
-5.896267,-0.145452,-0.021621,0.850266,0.85247
-5.814251,-0.142314,-0.015109,0.850266,0.85247
-5.814251,-0.142314,-0.015109,0.852193,0.850838
-5.741337,-0.139141,-0.009495,0.847565,0.848676
-5.691528,-0.139151,-0.002473,0.84897,0.851521
-5.601388,-0.140838,0.000597,0.849552,0.851455
-5.601388,-0.140838,0.000597,0.844441,0.850183
-5.568821,-0.139963,0.005118,0.851154,0.854872
-5.489416,-0.134311,0.007054,0.85278,0.852007
-5.489416,-0.134311,0.007054,0.850179,0.847846
-5.432133,-0.137303,0.011178,0.847952,0.84849
-5.375335,-0.144015,0.015432,0.84571,0.851266
-5.296391,-0.144823,0.014011,0.849812,0.848581
-5.296391,-0.144823,0.014011,0.848423,0.851216
-5.217792,-0.141365,0.014757,0.849167,0.849852
-5.216623,-0.14237,0.018967,0.854273,0.849333
-5.216623,-0.14237,0.018967,0.848254,0.84967
-5.121008,-0.135568,0.018256,0.849824,0.850676
-5.080713,-0.13688,0.020201,0.852371,0.850355
-5.037836,-0.133456,0.02109,0.851001,0.849144
-4.997194,-0.125111,0.02385,0.850625,0.849011
-4.943146,-0.129258,0.022334,0.854102,0.85168
-4.943146,-0.129258,0.022334,0.847102,0.852212
-4.889946,-0.128312,0.016566,0.849659,0.853022
-4.834402,-0.12896,0.016968,0.846685,0.847499
-4.834402,-0.12896,0.016968,0.853014,0.853378
-4.780746,-0.133723,0.023578,0.849993,0.848022
-4.715467,-0.133741,0.022829,0.844084,0.846588
-4.649526,-0.134305,0.016425,0.853144,0.851475
-4.625523,-0.135349,0.016425,0.854217,0.854359
-4.625523,-0.135349,0.022557,0.846358,0.851246
-4.568198,-0.132612,0.01944,0.851593,0.852446
-4.516188,-0.126474,0.01788,0.85041,0.850217
-4.470956,-0.127485,0.018694,0.848009,0.853548
-4.394832,-0.124536,0.014321,0.848694,0.848873
-4.394832,-0.124536,0.014321,0.851956,0.849191
-4.360259,-0.130387,0.015712,0.847129,0.853636
-4.267577,-0.122199,0.010741,0.850636,0.851614
-4.220287,-0.121774,0.009999,0.850377,0.853171
-4.220287,-0.121774,0.009999,0.847336,0.849807
-4.161626,-0.112768,0.004252,0.849872,0.851731
-4.140576,-0.106144,0.001681,0.849737,0.851923
-4.102494,-0.101505,-0.002558,0.850583,0.850109
-4.102494,-0.101505,-0.002558,0.854089,0.846572
-4.063079,-0.097848,-0.008317,0.851487,0.848916
-3.995382,-0.09178,-0.012274,0.846716,0.850226
-3.9285,-0.093368,-0.017045,0.847206,0.84761
-3.9285,-0.093368,-0.017045,0.848099,0.849209
-3.877156,-0.099116,-0.0237,0.848613,0.853268
-3.84647,-0.108576,-0.025131,0.852972,0.850486
-3.767088,-0.11945,-0.029949,0.852209,0.846178
-3.744735,-0.135566,-0.031376,0.849774,0.849511
-3.744735,-0.135566,-0.031376,0.849774,0.849511
-3.709055,-0.142445,-0.029489,0.849325,0.84956
-3.660119,-0.147408,-0.030142,0.848145,0.851071
-3.605429,-0.151118,-0.030274,0.85021,0.853871
-3.605429,-0.151118,-0.030274,0.851988,0.848514
-3.577644,-0.152245,-0.032538,0.849971,0.854737
-3.577644,-0.152245,-0.032538,0.849971,0.854737
-3.51154,-0.150312,-0.030043,0.850241,0.850585
-3.454769,-0.145817,-0.026684,0.846974,0.853185
-3.377883,-0.144483,-0.026901,0.847699,0.850587
-3.306175,-0.138049,-0.014544,0.852971,0.847827
-3.256758,-0.126833,-0.014544,0.852971,0.847827
-3.256758,-0.126833,-0.008084,0.850361,0.847485
-3.211285,-0.118312,-0.008001,0.85653,0.852867
-3.175685,-0.11329,0.001462,0.848784,0.85005
-3.174072,-0.114625,0.001462,0.846548,0.849292
-3.174072,-0.114625,0.007006,0.851798,0.849231
-3.121533,-0.124505,0.015802,0.855934,0.848074
-3.002202,-0.130655,0.017923,0.8524,0.849545
-2.927747,-0.132956,0.017969,0.8524,0.849545
-2.927747,-0.132956,0.017969,0.848938,0.848884
-2.947419,-0.134623,0.018675,0.846165,0.856523
-2.927794,-0.1337,0.020312,0.848118,0.851688
-2.836795,-0.132743,0.020968,0.849676,0.851097
-2.828953,-0.136123,0.020968,0.851789,0.850354
-2.828953,-0.136123,0.020968,0.850081,0.846582
-2.762988,-0.141535,0.021523,0.849801,0.848503
-2.687436,-0.142951,0.021366,0.849801,0.848503
-2.687436,-0.142951,0.021366,0.844728,0.848886
-2.661168,-0.138727,0.023028,0.847152,0.848321
-2.595874,-0.135871,0.023508,0.849803,0.852255
-2.595874,-0.135871,0.023508,0.852898,0.851888
-2.524949,-0.133033,0.016928,0.852898,0.851888
-2.429143,-0.133033,0.018891,0.852532,0.850149
-2.363548,-0.133033,0.017567,0.85061,0.846802
-2.363548,-0.133033,0.017567,0.849782,0.858753
-2.337121,-0.133033,0.017014,0.849507,0.87674
-2.262662,-0.133033,0.018776,0.814864,0.901708
-2.262662,-0.133033,0.018776,0.809594,0.901947
-2.15742,-0.133033,0.019266,0.802109,0.899951
-2.162305,-0.133033,0.020543,0.800173,0.899095
-2.11147,-0.133033,0.01822,0.796819,0.90193
-2.11147,-0.133033,0.01822,0.800088,0.901035
-2.083645,-0.133033,0.018124,0.794284,0.897252
-2.037677,-0.133033,0.017971,0.802185,0.90205
-1.96483,-0.133033,0.017362,0.801849,0.901883
-1.919216,-0.133033,0.017362,0.797508,0.900734
-1.919216,-0.133033,0.017236,0.798682,0.89885
-1.813943,-0.133033,0.017662,0.797971,0.901388
-1.813943,-0.133033,0.017662,0.801756,0.897875
-1.728067,-0.133033,0.015842,0.803388,0.900768
-1.654962,-0.133033,0.02408,0.799592,0.900106
-1.614593,-0.133033,0.02273,0.803079,0.895708
-1.568694,-0.133033,0.02273,0.796879,0.899423
-1.568694,-0.133033,0.021036,0.800692,0.901608
-1.490358,-0.133033,0.01985,0.802499,0.904574
-1.411261,-0.133033,0.019523,0.797386,0.898691
-1.397126,-0.133033,0.016643,0.798128,0.899049
-1.388918,-0.133033,0.015258,0.795233,0.899601
-1.388918,-0.133033,0.015258,0.800257,0.900099
-1.340936,-0.133033,0.01648,0.802001,0.899268
-1.340936,-0.133033,0.01648,0.80146,0.900716
-1.270099,-0.133033,0.007206,0.797931,0.901599
-1.270099,-0.133033,0.007206,0.801033,0.89778
-1.207568,-0.133033,-0.004074,0.801187,0.901008
-1.183775,-0.133033,-0.019314,0.804378,0.902982
-1.180624,-0.133033,-0.028682,0.849091,0.889891
-1.125766,-0.133033,-0.033267,0.846085,0.84943
-1.125766,-0.133033,-0.033267,0.852814,0.850369
-1.07371,-0.133033,-0.03209,0.849855,0.847718
-1.048493,-0.133033,-0.030449,0.849855,0.847718
-0.984728,-0.133033,-0.03067,0.801175,0.901771
-0.971826,-0.133033,0.019003,0.798026,0.900848
-0.971826,-0.133033,0.019003,0.797898,0.899842
-0.955043,-0.133033,0.026336,0.80176,0.899921
-0.922469,-0.133033,0.065315,0.79953,0.898662
-0.868731,-0.133033,0.075481,0.788059,0.950327
-0.868731,-0.133033,0.075481,0.754481,0.949677
-0.827234,-0.133033,0.12464,0.747906,0.949516
-0.78867,-0.133033,0.124109,0.750535,0.952382
-0.733567,-0.133033,0.133622,0.748487,0.950927
-0.733567,-0.133033,0.133622,0.751824,0.952119
-0.689239,-0.133033,0.134956,0.752697,0.951266
-0.711615,-0.133033,0.134226,0.749049,0.950247
-0.711615,-0.133033,0.134226,0.748842,0.95062
-0.681157,-0.133033,0.126199,0.751241,0.955508
-0.661769,-0.133033,0.123306,0.75264,0.954669
-0.641705,-0.133033,0.121366,0.752769,0.957809
-0.641705,-0.133033,0.121366,0.749339,0.959752
-0.566507,-0.133033,0.120213,0.751427,0.96439
-0.508457,-0.133033,0.125983,0.746756,0.975264
-0.494326,-0.133033,0.125983,0.754385,0.977041
-0.462634,-0.133033,0.123071,0.74964,0.980666
-0.462634,-0.133033,0.10945,0.755294,0.984092
-0.43004,-0.133033,0.10132,0.755294,0.984092
-0.40207,-0.133033,0.080137,0.749754,1.00081
-0.40207,-0.133033,0.080137,0.724331,1.000482
-0.338111,-0.133033,0.083846,0.720673,1.000336
-0.338111,-0.133033,0.083846,0.716058,0.998395
-0.275912,-0.133033,0.08036,0.70302,0.99988
-0.219513,-0.133033,0.073891,0.702243,1.002458
-0.219513,-0.133033,0.073891,0.699492,1.0005
-0.170676,-0.133033,0.07405,0.698534,1.004052
-0.152837,-0.133033,0.068148,0.695031,1.000327
-0.152837,-0.133033,0.068148,0.697764,0.999283
-0.084895,-0.133033,0.062514,0.695997,0.9955
-0.069154,-0.133033,0.053677,0.703818,1.001584
-0.069154,-0.133033,0.053677,0.702767,0.999029
-0.009766,-0.133033,0.044644,0.696479,0.998292
0.069031,-0.133033,0.030575,0.702945,1.000474
0.068792,-0.133033,0.030575,0.745539,0.948637