0.051637,-0.107118,-0.004222,0.118914
0.149162,-0.108492,-0.005857,0.184445
0.239007,-0.104802,-0.005551,0.260975
0.306823,-0.104065,-0.00717,0.32399
0.355769,-0.106836,-0.004071,0.371464
0.364013,-0.107628,-0.006977,0.379591
0.456969,-0.108687,-0.006071,0.469716
0.46597,-0.110875,-0.006825,0.478979
0.498042,-0.1097,-0.005339,0.50998
0.529339,-0.105808,-0.008052,0.53981
0.565058,-0.107461,-0.006636,0.575186
0.626471,-0.109671,-0.007827,0.635998
0.653659,-0.108419,-0.00706,0.66259
0.688131,-0.108757,-0.009425,0.696673
0.763098,-0.106626,-0.009939,0.770511
0.755644,-0.105485,-0.008632,0.762971
0.804104,-0.108455,-0.010656,0.811386
0.858403,-0.108288,-0.008964,0.865206
0.890838,-0.108585,-0.012942,0.897431
0.929823,-0.108516,-0.010375,0.936134
1.012141,-0.106719,-0.020548,1.017751
0.999849,-0.105679,-0.021429,1.005419
1.082174,-0.107668,-0.024394,1.087517
1.084055,-0.110589,-0.025608,1.089681
1.148903,-0.114425,-0.023605,1.154587
1.209089,-0.119019,-0.026314,1.214933
1.259358,-0.125652,-0.028367,1.265611
1.299522,-0.128718,-0.029229,1.305881
1.345698,-0.139228,-0.028605,1.352881
1.387228,-0.142389,-0.029654,1.394516
1.441573,-0.14574,-0.029662,1.448921
1.510351,-0.154005,-0.028838,1.518182
1.550278,-0.158588,-0.028868,1.558369
1.609539,-0.159362,-0.027494,1.617409
1.635341,-0.160815,-0.027244,1.643229
1.699961,-0.161143,-0.025042,1.707581
1.729103,-0.164085,-0.023186,1.736871
1.787642,-0.163294,-0.022986,1.795085
1.846661,-0.160623,-0.021064,1.853634
1.923014,-0.154875,-0.016995,1.92924
1.927424,-0.150803,-0.014109,1.933314
1.979562,-0.146076,-0.012545,1.984945
2.026949,-0.138917,-0.008334,2.031703
2.082647,-0.13315,-0.009449,2.086899
2.133639,-0.129911,-0.006164,2.13759
2.202998,-0.124542,-0.006603,2.206515
2.283003,-0.121441,-0.009604,2.286231
2.328847,-0.118888,-0.009965,2.33188
2.325331,-0.122639,-0.014182,2.328563
2.371955,-0.129352,-0.018584,2.37548
2.413485,-0.132822,-0.020147,2.417137
2.498109,-0.147377,-0.026386,2.502452
2.584341,-0.159045,-0.026487,2.58923
2.656407,-0.165919,-0.026873,2.661584
2.66042,-0.165476,-0.024907,2.665561
2.708643,-0.1641,-0.022416,2.713609
2.756297,-0.162641,-0.019948,2.761091
2.806245,-0.15685,-0.018463,2.810625
2.845144,-0.144142,-0.012485,2.848793
2.949184,-0.134862,-0.006985,2.952266
2.963119,-0.131082,-0.002484,2.966017
3.067354,-0.125931,-0.003287,3.069938
3.070037,-0.120356,0.0004,3.072395
3.120323,-0.120002,-5e-05,3.12263
3.219858,-0.123314,0.000533,3.222219
3.21178,-0.126882,0.002788,3.214285
3.315,-0.121976,-0.000426,3.317243
3.324637,-0.123579,-0.000247,3.326933
3.358791,-0.124767,-0.000593,3.361108
3.404461,-0.123555,-0.001393,3.406702
3.518326,-0.122218,-0.002528,3.520448
3.540452,-0.123918,-0.003262,3.54262
3.583886,-0.124138,-0.002276,3.586035
3.652369,-0.125582,-0.003806,3.654527
3.706819,-0.128415,-0.003446,3.709042
3.743851,-0.124808,-0.005662,3.745931
3.783336,-0.126457,-0.003787,3.785449
3.852455,-0.126149,-0.003832,3.85452
3.956598,-0.125744,-0.002907,3.958596
3.962373,-0.127709,-0.007229,3.964431
4.009226,-0.1268,-0.006446,4.011231
4.051459,-0.127658,-0.00505,4.05347
4.110531,-0.12988,-0.006746,4.112582
4.183344,-0.132279,-0.00661,4.185435
4.227989,-0.132618,-0.008758,4.230068
4.234584,-0.13478,-0.007967,4.236728
4.292678,-0.134181,-0.008504,4.294774
4.323708,-0.134454,-0.008698,4.325798
4.393171,-0.137428,-0.009882,4.39532
4.413452,-0.139008,-0.006401,4.415641
4.46119,-0.137884,-0.008817,4.46332
4.516786,-0.139736,-0.008107,4.518947
4.593179,-0.13993,-0.011047,4.59531
4.61722,-0.143873,-0.008657,4.619461
4.65251,-0.144531,-0.008455,4.654755
4.712885,-0.147744,-0.008087,4.7152
4.772239,-0.157358,-0.02291,4.774833
4.825671,-0.159789,-0.022871,4.828316
4.948553,-0.163755,-0.025777,4.951261
4.963984,-0.16426,-0.023294,4.966701
5.017154,-0.165318,-0.021952,5.019877
5.073889,-0.163207,-0.019334,5.076513
5.146759,-0.163335,-0.016097,5.14935
5.219193,-0.169765,-0.011532,5.221953
5.250311,-0.17091,-0.00553,5.253092
5.313476,-0.171088,0.000357,5.31623
5.381816,-0.166627,0.001545,5.384394
5.430534,-0.16243,0.003086,5.432963
5.474669,-0.162289,0.00423,5.477074
5.525992,-0.164947,0.005927,5.528453
5.582278,-0.164296,0.007598,5.584695
5.686776,-0.168848,0.010588,5.689282
5.684362,-0.170928,0.010356,5.686932
5.746549,-0.174922,0.014548,5.749211
5.766376,-0.173593,0.014025,5.768989
5.801634,-0.173434,0.014396,5.804226
5.85949,-0.17604,0.014858,5.862134
5.894606,-0.177455,0.017569,5.897277
6.014224,-0.178001,0.021829,6.016857
6.071403,-0.181002,0.024675,6.074101
6.122775,-0.170368,0.028343,6.125145
6.138364,-0.158293,0.032393,6.140404
6.195694,-0.150756,0.035726,6.197528
6.24124,-0.143055,0.037492,6.242879
6.290331,-0.135648,0.038653,6.291793
6.336461,-0.133983,0.042054,6.337877
6.377531,-0.128436,0.045461,6.378824
6.412943,-0.122591,0.046755,6.414115
6.461312,-0.118961,0.045079,6.462407
6.50526,-0.11763,0.044566,6.506324
6.564406,-0.111649,0.043527,6.565355
6.587801,-0.106697,0.040701,6.588665
6.637488,-0.103173,0.037338,6.63829
6.675647,-0.099263,0.034365,6.676385
6.746022,-0.112441,0.008467,6.746959
6.840535,-0.132437,0.010962,6.841816
6.850442,-0.144009,0.011336,6.851955
6.963995,-0.135283,0.009632,6.965308
6.957333,-0.12952,0.008641,6.958539
7.032895,-0.115239,0.003335,7.033839
7.037876,-0.102004,0.000246,7.038615
7.079099,-0.100536,-0.007043,7.079812
7.128241,-0.11795,-0.038364,7.129217
7.168577,-0.130104,-0.042651,7.169757
7.216561,-0.13675,-0.03534,7.217857
7.264235,-0.141912,-0.034452,7.265621
7.305603,-0.142132,-0.035522,7.306986
7.419035,-0.155421,-0.046657,7.420663
7.437459,-0.160605,-0.048231,7.439193
7.501632,-0.163743,-0.040465,7.503419
7.595308,-0.162319,-0.03771,7.597042
7.597824,-0.160986,-0.034622,7.599529
7.646183,-0.157866,-0.031378,7.647812
7.685385,-0.149007,-0.017809,7.686829
7.733221,-0.137966,0.001207,7.734452
7.786461,-0.140187,0.009952,7.787722
7.878015,-0.140699,0.021252,7.879272
7.87188,-0.136176,0.02307,7.873058
7.939927,-0.136718,0.015578,7.941104
7.981906,-0.133988,0.023828,7.98303
8.037776,-0.122766,0.034777,8.038714
8.125465,-0.107603,0.050505,8.126177
8.144832,-0.110409,0.025496,8.14558
8.200781,-0.109043,0.037697,8.201506
8.257113,-0.104133,0.046209,8.257769
8.274942,-0.092605,0.045652,8.27546
8.337824,-0.095354,0.023035,8.338369
8.399101,-0.093861,0.037965,8.399626
8.43292,-0.082543,0.046907,8.433324
8.48433,-0.0814,0.044725,8.484721
8.531787,-0.078544,0.054348,8.532148
8.565121,-0.074307,0.061384,8.565444
8.605727,-0.075469,0.059584,8.606058
8.65634,-0.074819,0.069035,8.656664
8.689605,-0.072955,0.074567,8.689911
8.729404,-0.07253,0.078304,8.729705
8.750946,-0.066828,0.095299,8.751202
8.784807,-0.045744,0.118757,8.784926
8.796778,-0.05153,0.128023,8.796929
8.809478,-0.038,0.159817,8.80956
8.84334,-0.024873,0.178837,8.843375
8.876395,-0.016675,0.184041,8.876411
8.902356,-0.012683,0.197199,8.902365
8.923364,0.001179,0.215281,8.923364
8.962457,0.022026,0.234822,8.962484
8.991656,0.040498,0.24306,8.991748
9.007075,0.046982,0.250391,9.007198
9.034263,0.056092,0.25467,9.034437
9.030893,0.060176,0.265263,9.031093
9.060421,0.075976,0.2873,9.06074
9.063313,0.077779,0.295906,9.063647
9.060428,0.079858,0.300712,9.06078
9.052474,0.084167,0.306892,9.052865
9.051501,0.08583,0.315122,9.051908
9.077039,0.095474,0.340678,9.077541
9.090982,0.097117,0.344466,9.091501
9.115995,0.112662,0.366535,9.116691
9.128716,0.116783,0.38848,9.129463
9.147908,0.129677,0.400155,9.148827
9.151951,0.138531,0.409923,9.153
9.159155,0.154436,0.417774,9.160457
9.181841,0.172817,0.434495,9.183467
9.186851,0.17258,0.441895,9.188471
9.201536,0.187701,0.453781,9.20345
9.198991,0.196416,0.459123,9.201088
9.20682,0.204168,0.473365,9.209084
9.217353,0.21724,0.497527,9.219912
9.240102,0.222591,0.51081,9.242782
9.248006,0.232823,0.521036,9.250936
9.248845,0.239311,0.529206,9.251941
9.282692,0.255889,0.566069,9.286219
9.29749,0.270229,0.576133,9.301416
9.313582,0.287971,0.611452,9.318032
9.315226,0.290974,0.62268,9.319769
9.312939,0.297026,0.633044,9.317675
9.311546,0.303868,0.633432,9.316502
9.308914,0.313585,0.656003,9.314195
9.320437,0.323488,0.676316,9.326049
9.333791,0.332882,0.698058,9.339725
9.345693,0.341822,0.716652,9.351942
9.359294,0.353372,0.725901,9.365962
9.361354,0.361087,0.737861,9.368315
9.360005,0.368645,0.736803,9.367261
9.36238,0.369263,0.758013,9.369659
9.3518,0.374375,0.763987,9.359291
9.344928,0.389227,0.790443,9.353031
9.361696,0.406533,0.814126,9.370519
9.388296,0.424102,0.827239,9.39787
9.395167,0.43227,0.840357,9.405106
9.403247,0.442861,0.852898,9.41367
9.415366,0.457884,0.864869,9.426493
9.42838,0.475213,0.876498,9.440348
9.429402,0.484343,0.884152,9.441833
9.415608,0.504062,0.907782,9.429091
9.408242,0.523168,0.922848,9.422777
9.423469,0.544136,0.938001,9.439166
9.42888,0.561176,0.951827,9.445565
9.436193,0.579463,0.970931,9.453968
9.451744,0.615158,0.984017,9.471741
9.439736,0.622258,0.989117,9.460223
9.439695,0.637224,0.996645,9.461178
9.44593,0.670354,1.024103,9.469686
9.440972,0.698364,1.030194,9.466767
9.453414,0.728047,1.041037,9.481408
9.456743,0.739057,1.048684,9.485578
9.460599,0.763216,1.065774,9.491334
9.461134,0.784594,1.089161,9.49361
9.460309,0.817499,1.105169,9.495564
9.477483,0.843654,1.133419,9.514959
9.4919,0.868558,1.149862,9.531556
9.485432,0.874265,1.161261,9.525637
9.48654,0.908301,1.177546,9.529924
9.480332,0.907536,1.188361,9.523671
9.473497,0.920489,1.194028,9.518112
9.471467,0.942638,1.192443,9.518259
9.478671,0.992323,1.220824,9.530473
9.491715,0.998393,1.243345,9.544078
9.512018,1.024444,1.252247,9.567026
9.523224,1.078619,1.265274,9.584112
9.512702,1.084121,1.273954,9.574279
9.508945,1.097649,1.278648,9.572088
9.518175,1.13156,1.289713,9.585201
9.51678,1.159358,1.292301,9.587137
9.511945,1.177196,1.296767,9.584513
9.511516,1.210439,1.302091,9.588227
9.508894,1.246727,1.304657,9.590276
9.508946,1.292578,1.316982,9.596396
9.521123,1.3175,1.325059,9.611847
9.519097,1.346896,1.335696,9.613913
9.532058,1.392289,1.354344,9.633203
9.540264,1.42653,1.355473,9.646327
9.548386,1.460598,1.36207,9.659452
9.550652,1.485763,1.362747,9.665529
9.557998,1.530419,1.366587,9.679748
9.562475,1.557715,1.369947,9.688519
9.568119,1.598738,1.367737,9.700766
9.582935,1.676744,1.373126,9.728521
9.592683,1.733174,1.378761,9.747998
9.592555,1.778957,1.386913,9.756116
9.60268,1.834174,1.405531,9.77628
9.602791,1.8744,1.416852,9.784016
9.613367,1.880348,1.4326,9.795537
9.613818,1.934247,1.441926,9.806468
9.623878,2.0216,1.455111,9.833916
9.628801,2.038003,1.461378,9.842117
9.631797,2.109371,1.488709,9.860069
9.633474,2.174007,1.493711,9.875735
9.637079,2.229537,1.497463,9.891619
9.635819,2.300067,1.50172,9.906529
9.641697,2.30551,1.501522,9.913511
9.644853,2.356407,1.503735,9.928537
9.642873,2.398734,1.501266,9.936746
9.649393,2.477319,1.497975,9.962324
9.646949,2.482913,1.492528,9.96135
9.65154,2.541934,1.483195,9.980664
9.656337,2.593042,1.482237,9.998436
9.660225,2.638655,1.482509,10.014112
9.66145,2.666143,1.484065,10.022571
9.662197,2.720475,1.486161,10.03788
9.667387,2.788662,1.499841,10.061561
9.665144,2.818324,1.505404,10.067669
9.662718,2.855047,1.506188,10.075685
9.661511,2.884512,1.512239,10.082916
9.659298,2.950469,1.51809,10.099867
9.657595,3.002699,1.522871,10.113621
9.655014,3.051525,1.52955,10.125765
9.666624,3.1655,1.541504,10.171726
9.672498,3.183009,1.54512,10.182768
9.67364,3.28527,1.547094,10.216277
9.676553,3.29666,1.547288,10.222703
9.67468,3.38178,1.548224,10.248701
9.671978,3.430285,1.546642,10.262261
9.668904,3.438719,1.545589,10.262188
9.668703,3.48105,1.546634,10.27626
9.663887,3.52511,1.54521,10.286745
9.670442,3.608388,1.539271,10.32172
9.677292,3.654338,1.539839,10.344281
9.676868,3.699723,1.540129,10.360006
9.674325,3.771307,1.53901,10.383416
9.667119,3.809481,1.536859,10.390637
9.682118,3.908693,1.534856,10.441326
9.687616,3.929919,1.532827,10.454385
9.691313,4.010479,1.535606,10.488351
9.692148,4.062825,1.533773,10.509248
9.695096,4.066305,1.535506,10.513311
9.697199,4.1046,1.534948,10.530119
9.702578,4.161995,1.536948,10.557567
9.697148,4.212626,1.53813,10.572649
9.698076,4.293166,1.542124,10.605845
9.696586,4.30673,1.54135,10.609981
9.7034,4.362637,1.541557,10.639012
9.704969,4.409975,1.546434,10.659939
9.711675,4.489977,1.556946,10.69937
9.720985,4.574054,1.571554,10.743348
9.701715,4.630326,1.5837,10.750033
9.689472,4.684105,1.587887,10.762282
9.702485,4.761636,1.584778,10.807931
9.68394,4.799237,1.591153,10.807931
9.689518,4.897402,1.584001,10.856855
9.693355,4.900435,1.585127,10.861648
9.693241,4.948897,1.577052,10.883496
9.693338,4.999094,1.574937,10.9065
9.686517,5.097091,1.562725,10.945728
9.685943,5.141901,1.558802,10.966159
9.688305,5.150777,1.552045,10.972409
9.690102,5.231668,1.552489,11.012195
9.690316,5.224882,1.552003,11.009161
9.688036,5.271526,1.548039,11.029371
9.688019,5.319294,1.545196,11.052267
9.707254,5.391954,1.537905,11.104231
9.715293,5.444248,1.539595,11.13673
9.715487,5.511639,1.537518,11.169998
9.71691,5.575328,1.540287,11.202796
9.71564,5.638096,1.543104,11.233067
9.709927,5.655661,1.552031,11.236957
9.706039,5.717302,1.561664,11.264757
9.691829,5.757304,1.593015,11.272892
9.676665,5.814187,1.623406,11.289048
9.66703,5.852276,1.633273,11.300469
9.665285,5.896175,1.649088,11.321776
9.662218,5.954711,1.659683,11.34976
9.654685,6.051753,1.675441,11.394588
9.649342,6.072678,1.670226,11.401194
9.644105,6.110867,1.667545,11.417156
9.638055,6.148981,1.653539,11.4325
9.647452,6.209005,1.629718,11.472798
9.638828,6.275977,1.625035,11.501952
9.637955,6.315045,1.58799,11.522586
9.644846,6.399673,1.555248,11.574924
9.651242,6.413488,1.537376,11.587894
9.659716,6.501877,1.505535,11.644077
9.673847,6.494125,1.478338,11.65148
9.690119,6.539405,1.448556,11.690262
9.70265,6.569424,1.426414,11.717454
9.710642,6.595776,1.415462,11.73886
9.72895,6.632046,1.397494,11.774401
9.751742,6.662337,1.389663,11.810301
9.756284,6.690659,1.389576,11.830046
9.767856,6.731803,1.38508,11.862891
9.773188,6.763794,1.390508,11.885458
9.764802,6.762185,1.398856,11.877647
9.756731,6.789511,1.400813,11.8866
9.772256,6.830196,1.402669,11.922607
9.785493,6.876088,1.411756,11.959785
9.795085,6.938462,1.420696,12.00358
9.79603,6.979961,1.439184,12.028386
9.793625,6.97699,1.438703,12.024703
9.781342,7.015835,1.463841,12.0373
9.777041,7.057562,1.477314,12.05818
9.782087,7.084983,1.482027,12.078336
9.792342,7.143531,1.485888,12.121056
9.785788,7.181577,1.504248,12.138233
9.781366,7.226275,1.519323,12.161175
9.780337,7.262246,1.531049,12.181757
9.7735,7.27969,1.551752,12.186681
9.762272,7.310567,1.574415,12.196161
9.764392,7.330607,1.580367,12.209879
9.764068,7.350813,1.587857,12.221762
9.753284,7.376844,1.602528,12.228834
9.739495,7.406396,1.616689,12.235704
9.729443,7.447976,1.628724,12.252935
9.726358,7.502868,1.630788,12.283936
9.726551,7.517784,1.633922,12.293204
9.721013,7.557707,1.645566,12.313287
9.701548,7.570386,1.671083,12.305721
9.695707,7.62078,1.692343,12.332195
9.695664,7.652136,1.698527,12.351562
9.677034,7.680758,1.716829,12.354717
9.647422,7.728659,1.735938,12.361429
9.633987,7.759725,1.749869,12.37041
9.62198,7.790773,1.754194,12.380575
9.612793,7.816861,1.75596,12.38988
9.607224,7.85003,1.759289,12.406519
9.601403,7.86891,1.763267,12.413971
9.591689,7.888355,1.773536,12.418802
9.579386,7.913206,1.786954,12.425115
9.566004,7.969375,1.803511,12.450677
9.561807,7.978888,1.811173,12.453545
9.540715,8.02889,1.8402,12.469495
9.537799,8.036113,1.844958,12.471917
9.520952,8.06421,1.855856,12.47718
9.498464,8.104938,1.873343,12.486426
9.49473,8.114454,1.877768,12.489766
9.479288,8.152424,1.892399,12.502756
9.462225,8.18129,1.908558,12.508686
9.446116,8.199313,1.92028,12.508311
9.438204,8.211532,1.933135,12.510354
9.431848,8.208226,1.949659,12.503389
9.425251,8.224392,1.96733,12.509036
9.418293,8.238733,1.975456,12.513232
9.40295,8.263653,2.001935,12.518124
9.396623,8.267602,2.020191,12.515981
9.391009,8.266866,2.03545,12.511279
9.382019,8.268703,2.044066,12.505748
9.366646,8.28659,2.066509,12.506064
9.357864,8.296794,2.083778,12.506255
9.348935,8.314023,2.097465,12.511018
9.342676,8.319977,2.118778,12.5103
9.332306,8.334237,2.136577,12.512052
9.323582,8.336767,2.151262,12.507233
9.317766,8.340448,2.167284,12.505352
9.309004,8.365589,2.185615,12.515615
9.294895,8.37354,2.200031,12.510446
9.286464,8.373025,2.215569,12.503838
9.283434,8.372045,2.227947,12.500931
9.268939,8.371059,2.241304,12.48951
9.258502,8.379856,2.255931,12.487668
9.245291,8.386511,2.276102,12.482347
9.223397,8.412126,2.296112,12.483385
9.206481,8.415635,2.316037,12.47326
9.203347,8.410311,2.328852,12.467355
9.188708,8.419888,2.346487,12.46302
9.172684,8.419717,2.366736,12.451095
9.162644,8.422753,2.376955,12.445755
9.147493,8.446369,2.396798,12.450614
9.138402,8.453341,2.409438,12.448669
9.138055,8.4445,2.420746,12.442412
9.123066,8.449387,2.436147,12.434729
9.108981,8.450915,2.453496,12.425438
9.093931,8.450432,2.468417,12.41408
9.072535,8.458595,2.483916,12.40398
9.054004,8.473004,2.493084,12.400273
9.047832,8.474585,2.520589,12.396849
9.031678,8.47168,2.534819,12.383076
9.01422,8.479173,2.554703,12.375481
9.000042,8.477305,2.566712,12.363877
8.98412,8.468696,2.576975,12.346385
8.970547,8.489055,2.598669,12.350496
8.992069,8.494547,2.621556,12.369909
9.008248,8.486538,2.636647,12.376181
9.007482,8.489922,2.653779,12.377944
9.003235,8.486435,2.663215,12.372462
8.997846,8.479844,2.678312,12.36402
8.990933,8.485527,2.694008,12.36289
8.955247,8.497726,2.698184,12.345355
8.926456,8.49277,2.708687,12.321069
8.899114,8.497815,2.733881,12.304759
8.871806,8.495446,2.73588,12.283385
8.830448,8.500852,2.762912,12.257296
8.818112,8.497729,2.766913,12.246245
8.800177,8.493648,2.773663,12.230502
8.779352,8.498258,2.789626,12.218732
8.754009,8.512146,2.799935,12.210213
8.714814,8.527229,2.810579,12.192687
8.682454,8.527279,2.822113,12.169613
8.664291,8.531238,2.833319,12.159439
8.650399,8.526752,2.832539,12.146394
8.609787,8.526558,2.848385,12.117369
8.562343,8.531295,2.862808,12.087047
8.543103,8.539568,2.873428,12.079272
8.510596,8.542482,2.88343,12.058368
8.473767,8.549511,2.895143,12.037395
8.43325,8.557171,2.898181,12.014362
8.384317,8.564983,2.912809,11.985646
8.308285,8.570973,2.923461,11.936883
8.30597,8.571642,2.934041,11.935752
8.265714,8.581988,2.952565,11.915223
8.219848,8.580231,2.949783,11.882182
8.134054,8.585371,2.95571,11.826725
8.126424,8.584522,2.968286,11.820862
8.065973,8.591973,2.978142,11.784817
8.02667,8.594504,2.985726,11.759802
7.934035,8.605299,2.996259,11.704703
7.919496,8.609963,3.004515,11.698285
7.849483,8.621573,3.012294,11.659584
7.827254,8.624742,3.008624,11.646977
7.790303,8.625525,3.01518,11.622758
7.752483,8.619051,3.020113,11.592629
7.705146,8.618365,3.025004,11.560515
7.671488,8.619456,3.031711,11.538923
7.615561,8.621446,3.034648,11.503308
7.53563,8.634236,3.051667,11.460181
7.525963,8.633401,3.055763,11.453197
7.481718,8.636661,3.063921,11.426636
7.440009,8.635734,3.056708,11.398668
7.394118,8.633289,3.058986,11.366911
7.330573,8.635989,3.064819,11.327736
7.265667,8.642215,3.070351,11.290606
7.215866,8.647436,3.07754,11.262631
7.211705,8.649672,3.076266,11.261684
7.168168,8.647951,3.08183,11.232528
7.129019,8.646921,3.086052,11.206791
7.085891,8.643988,3.090957,11.177137
7.031374,8.644835,3.098361,11.143311
6.947502,8.650411,3.102809,11.094926
6.950347,8.653077,3.104424,11.098787
6.909658,8.654304,3.108792,11.07431
6.848368,8.657428,3.111104,11.038624
6.800294,8.659818,3.114161,11.010742
6.687689,8.667507,3.115623,10.947642
6.631369,8.666997,3.110344,10.912924
6.620613,8.662036,3.112322,10.902448
6.56339,8.663182,3.110339,10.868708
6.532636,8.658042,3.113144,10.84606
6.474006,8.657278,3.114402,10.810237
6.426572,8.654938,3.116943,10.780018
6.329133,8.648847,3.120576,10.717298
6.320556,8.64069,3.120218,10.705651
6.279061,8.641087,3.123325,10.681525
6.196801,8.639066,3.126084,10.631735
6.179721,8.643366,3.128729,10.625287
6.162976,8.640712,3.131784,10.613396
6.101233,8.639956,3.13091,10.577045
6.062735,8.639129,3.132771,10.554208
6.023529,8.641344,3.135517,10.533553
5.907531,8.641944,3.136111,10.468147
5.913737,8.642156,3.135597,10.471826
5.84665,8.645507,3.137229,10.436863
5.836392,8.645141,3.13694,10.430817
5.787375,8.650517,3.139333,10.407937
5.674584,8.653115,3.139781,10.347816
5.666639,8.655753,3.139869,10.345669
5.626542,8.65668,3.140057,10.324539
5.576778,8.652291,3.138075,10.293814
5.483098,8.652511,3.140254,10.24355
5.454369,8.65595,-3.137441,10.23111
5.382349,8.656543,-3.137577,10.193401
5.335857,8.654021,-3.138396,10.166782
5.261298,8.65494,-3.136199,10.128635
5.228477,8.657285,-3.134515,10.113632
5.176927,8.658912,-3.132389,10.088475
5.120721,8.660177,-3.133961,10.060837
5.056478,8.657159,-3.132474,10.025685
4.982796,8.656301,-3.132247,9.987983
4.960264,8.657785,-3.132073,9.978049
4.914004,8.6581,-3.133011,9.955407
4.864244,8.655677,-3.132474,9.928827
4.793014,8.655292,-3.132832,9.893789
4.763034,8.658132,-3.132032,9.881788
4.707947,8.658644,-3.131376,9.855805
4.665384,8.663488,-3.12831,9.839809
4.622343,8.66346,-3.128251,9.81945
4.564655,8.663006,-3.128454,9.792025
4.459114,8.658185,-3.12813,9.738987
4.438374,8.657569,-3.127271,9.72896
4.354285,8.659767,-3.125747,9.692851
4.308772,8.654243,-3.125429,9.667546
4.27945,8.650591,-3.125416,9.651239
4.243309,8.648353,-3.126511,9.633259
4.17665,8.649395,-3.12371,9.605021
4.145464,8.64498,-3.123531,9.587521
4.088261,8.643292,-3.121783,9.561401
4.049477,8.643656,-3.12339,9.545211
3.974334,8.640322,-3.122424,9.510547
3.904942,8.645789,-3.122485,9.486741
3.857708,8.646214,-3.121195,9.467784
3.7711,8.642132,-3.122585,9.429085
3.705609,8.642123,-3.126646,9.403075
3.652074,8.639216,-3.127498,9.37943
3.599815,8.642432,-3.127392,9.362174
3.544407,8.644736,-3.129152,9.343141
3.464836,8.648244,-3.126864,9.316502
3.444444,8.645,-3.128427,9.305924
3.380723,8.641569,-3.128004,9.279332
3.338629,8.639847,-3.128724,9.262473
3.282214,8.637587,-3.131957,9.240176
3.229558,8.641573,-3.130141,9.225336
3.167196,8.638551,-3.131944,9.200853
3.136144,8.637354,-3.131836,9.189085
3.07155,8.636009,-3.131722,9.165974
3.033066,8.631015,-3.136212,9.148438
2.968692,8.629205,-3.134242,9.125585
2.93123,8.624691,-3.132266,9.109193
2.886218,8.619815,-3.134973,9.090185
2.836747,8.616949,-3.137084,9.071876
2.819886,8.620998,-3.135542,9.070466
2.705764,8.614763,3.139207,9.02969
2.710467,8.609526,3.134816,9.026105
2.610141,8.607624,3.131978,8.994667
2.553119,8.605223,3.130947,8.975983
2.541343,8.604149,3.12618,8.971611
2.503274,8.599127,3.12375,8.95608
2.449859,8.600733,3.125993,8.942842
2.408283,8.597982,3.123633,8.928892
2.342008,8.600653,3.121594,8.913823
2.250921,8.602579,3.12316,8.892188
2.248638,8.599357,3.121031,8.888494
2.1951,8.60189,3.122984,8.877554
2.083499,8.606463,3.124054,8.855065
2.085966,8.605231,3.121339,8.854449
1.991546,8.607093,3.121254,8.834495
1.945232,8.610017,3.122818,8.827022
1.945385,8.609109,3.12356,8.82617
1.910849,8.607444,3.121526,8.816997
1.850648,8.603967,3.121813,8.800747
1.79897,8.605603,3.118074,8.791626
1.731277,8.601082,3.117408,8.773593
1.652003,8.60875,3.118425,8.765825
1.635075,8.612831,3.121101,8.76666
1.595544,8.613469,3.119715,8.760001
1.542184,8.614816,3.120192,8.751765
1.466457,8.616785,3.121395,8.740679
1.412154,8.617049,3.115677,8.731993
1.411401,8.617453,3.115227,8.732271
1.37638,8.622893,3.115325,8.73205
1.328702,8.628338,3.117398,8.730044
1.279089,8.633902,3.116493,8.728134
1.230053,8.633578,3.115968,8.720762
1.195551,8.629523,3.116666,8.711947
1.151844,8.626969,3.123118,8.703525
1.119894,8.628057,3.124783,8.700433
0.992536,8.629776,3.125059,8.686666
0.988149,8.622251,3.129841,8.678689
0.870008,8.623772,3.130158,8.667546
0.863206,8.621798,3.131865,8.664902
0.795225,8.620733,3.129784,8.657333
0.743969,8.62222,3.131851,8.654258
0.700664,8.621141,3.128368,8.649567
0.641912,8.620316,3.129013,8.644183
0.60582,8.621366,3.128351,8.642625
0.554932,8.619543,3.129655,8.637388
0.507159,8.619059,3.128991,8.633967
0.455477,8.621062,3.128481,8.633086
0.405236,8.619798,3.125768,8.629318
0.352136,8.621858,3.124203,8.629046
0.297054,8.62278,3.123167,8.627895
0.249837,8.624046,3.123041,8.627664
0.192071,8.623866,3.118906,8.626005
0.140661,8.632086,3.118219,8.633232
0.085913,8.637433,3.120456,8.63786
0.031846,8.643896,3.118509,8.643955
-0.03452,8.646387,3.118621,8.646456
-0.067795,8.647785,3.117768,8.64805
-0.13391,8.647862,3.118831,8.648899
-0.169039,8.649829,3.118125,8.65148
-0.20679,8.64645,3.119457,8.648923
-0.249799,8.643698,3.122995,8.647307
-0.302005,8.639472,3.126346,8.644749
-0.340072,8.631282,3.130784,8.637979
-0.399031,8.624411,3.130183,8.633637
-0.472133,8.621959,3.131122,8.634876
-0.500173,8.618254,3.131747,8.632756
-0.551166,8.622349,3.135435,8.639947
-0.620478,8.627002,3.136872,8.649287
-0.661676,8.628091,3.136241,8.653425
-0.77343,8.63201,3.138863,8.66659
-0.820326,8.629895,3.139115,8.668796
-0.816623,8.6339,3.138697,8.672433
-0.863345,8.634426,3.13715,8.677481
-0.923757,8.633635,3.136579,8.682913
-1.00609,8.630282,3.135366,8.688727
-1.005086,8.625672,3.132728,8.684032
-1.051296,8.618782,3.132697,8.682662
-1.106618,8.615824,3.133169,8.6866
-1.193642,8.620821,3.131817,8.703064
-1.21622,8.621092,3.130563,8.706458
-1.259139,8.62309,3.130248,8.714534
-1.300468,8.622765,3.128134,8.72028
-1.351817,8.623141,3.12445,8.728457
-1.40799,8.628688,3.123039,8.742809
-1.458167,8.632059,3.124044,8.754353
-1.558139,8.637598,3.117297,8.77701
-1.565855,8.64457,3.115889,8.785243
-1.623685,8.646997,3.11859,8.79812
-1.68454,8.651478,3.118217,8.813952
-1.732076,8.647357,3.122088,8.81912
-1.773494,8.640122,3.127054,8.82026
-1.826596,8.635188,3.132504,8.826263
-1.884117,8.634003,3.137892,8.837189
-1.929991,8.635504,-3.140515,8.848547
-2.014351,8.639853,-3.137083,8.871565
-2.09942,8.649187,-3.131785,8.900337
-2.099309,8.65273,-3.129946,8.903754
-2.167175,8.658287,-3.126635,8.92539
-2.222972,8.659236,-3.1263,8.940021
-2.274774,8.659169,-3.121095,8.952978
-2.324996,8.661662,-3.118315,8.968277
-2.371043,8.663038,-3.117878,8.981652
-2.44,8.662245,-3.11659,8.999339
-2.499871,8.661219,-3.115996,9.01477
-2.556823,8.661132,-3.114725,9.030645
-2.604897,8.656654,-3.112938,9.040085
-2.705653,8.648435,-3.109945,9.061787
-2.70642,8.646333,-3.106592,9.06001
-2.750771,8.636425,-3.102576,9.063917
-2.805613,8.632153,-3.103079,9.076647
-2.836595,8.628936,-3.095621,9.083215
-2.939933,8.623257,-3.092169,9.11064
-2.940381,8.619394,-3.088627,9.107129
-3.038975,8.611793,-3.091202,9.132269
-3.053877,8.607509,-3.091714,9.133201
-3.111531,8.606027,-3.093117,9.151247
-3.158243,8.603126,-3.095585,9.164512
-3.226946,8.598297,-3.100294,9.183893
-3.23981,8.595525,-3.106239,9.185827
-3.2959,8.597184,-3.1062,9.207308
-3.37794,8.599047,-3.112133,9.238727
-3.402335,8.601173,-3.115186,9.249652
-3.499613,8.604948,-3.111262,9.289371
-3.498278,8.608733,-3.116718,9.292375
-3.568889,8.599162,-3.121631,9.310346
-3.636838,8.593102,-3.125725,9.331024
-3.723077,8.589732,-3.127255,9.361881
-3.806581,8.586317,-3.129183,9.392278
-3.844396,8.585323,-3.130631,9.406761
-3.922799,8.587751,-3.133026,9.441283
-3.905415,8.591248,-3.132098,9.437257
-3.962547,8.592294,-3.132047,9.461992
-4.023713,8.588219,-3.137265,9.48408
-4.065982,8.587572,-3.137933,9.501505
-4.131685,8.590561,-3.139074,9.5325
-4.16754,8.586276,-3.1413,9.544241
-4.19613,8.585157,3.138647,9.555754
-4.242163,8.58114,3.133348,9.572456
-4.27373,8.578498,3.127179,9.584122
-4.346192,8.580646,3.116569,9.618569
-4.374654,8.582921,3.116891,9.63349
-4.427763,8.589869,3.110675,9.663898
-4.472618,8.602127,3.110178,9.695406
-4.525312,8.609925,3.109385,9.726728
-4.635125,8.612267,3.1127,9.780365
-4.74952,8.612335,3.112504,9.835154
-4.765247,8.61886,3.110982,9.848468
-4.869061,8.62302,3.111358,9.902739
-4.933891,8.623712,3.111378,9.935376
-5.040073,8.625593,3.111434,9.990155
-5.06686,8.628049,3.111288,10.005814
-5.090202,8.628745,3.111632,10.018253
-5.164084,8.627735,3.111746,10.055127
-5.228483,8.628016,3.109415,10.088592
-5.26945,8.625163,3.111914,10.10745
-5.31376,8.630137,3.11048,10.134856
-5.367965,8.627273,3.109677,10.160949
-5.413645,8.626635,3.109785,10.184615
-5.493214,8.626908,3.110065,10.227363
-5.514417,8.626956,3.109293,10.238807
-5.548885,8.628347,3.112401,10.258582
-5.607927,8.633426,3.111899,10.294896
-5.660968,8.635043,3.111383,10.325237
-5.723766,8.641645,3.11216,10.365304
-5.79283,8.643372,3.1122,10.405036
-5.82507,8.643498,3.112663,10.423124
-5.882598,8.642739,3.110843,10.454755
-5.940231,8.643747,3.111593,10.488123
-6.02446,8.643068,3.115189,10.535499
-6.034276,8.642494,3.1212,10.540645
-6.086187,8.638443,3.125725,10.567136
-6.146848,8.641257,3.133822,10.604483
-6.194844,8.641688,3.141491,10.632726
-6.300446,8.647009,-3.135918,10.698897
-6.311629,8.646096,-3.130537,10.704748
-6.376804,8.647803,-3.121818,10.744679
-6.441244,8.650899,-3.118814,10.785531
-6.509104,8.652241,-3.119238,10.827267
-6.574666,8.651427,-3.115705,10.866159
-6.593046,8.647526,-3.115454,10.874188
-6.627529,8.650732,-3.114162,10.897674
-6.696378,8.643818,-3.111713,10.934216
-6.718214,8.637544,-3.108045,10.942648
-6.764259,8.629275,-3.107458,10.964469
-6.815678,8.620145,-3.090971,10.989102
-6.863061,8.61242,-3.08731,11.01251
-6.905125,8.607196,-3.087432,11.034699
-6.971911,8.603436,-3.084622,11.073692
-7.006368,8.600758,-3.086856,11.093342
-7.047617,8.596104,-3.091607,11.115841
-7.083313,8.596189,-3.095014,11.138572
-7.136916,8.589641,-3.100553,11.167699
-7.217815,8.586443,-3.10531,11.217123
-7.225123,8.585149,-3.110188,11.220837
-7.264316,8.586933,-3.112596,11.247475
-7.291451,8.592475,-3.116798,11.269245
-7.41223,8.601209,-3.117343,11.35438
-7.475115,8.608712,-3.118522,11.401195
-7.495001,8.610858,-3.11911,11.415862
-7.569231,8.604174,-3.120155,11.459715
-7.625399,8.598659,-3.119671,11.492765
-7.66683,8.595778,-3.120388,11.518146
-7.700437,8.589624,-3.12214,11.535959
-7.758059,8.579707,-3.125686,11.567145
-7.832131,8.572521,-3.128716,11.611649
-7.861034,8.563006,-3.133303,11.624153
-7.922386,8.560748,-3.136806,11.664073
-7.991714,8.556027,-3.13825,11.707822
-8.015957,8.565364,3.12407,11.731199
-8.076325,8.578365,3.115562,11.781994
-8.126113,8.593691,3.118677,11.827309
-8.166531,8.604125,3.113528,11.862681
-8.251096,8.606663,3.110103,11.922887
-8.237647,8.605618,3.104964,11.912829
-8.266527,8.604698,3.10505,11.932154
-8.303431,8.601366,3.104344,11.955353
-8.346203,8.60065,3.107376,11.984585
-8.353586,8.601547,3.109578,11.990372
-8.43624,8.607236,3.113842,12.052164
-8.460828,8.613605,3.117749,12.073931
-8.511075,8.619885,3.118972,12.113662
-8.562335,8.629617,3.123189,12.156639
-8.632579,8.63789,3.113646,12.212066
-8.715014,8.634946,3.114361,12.268405
-8.743347,8.632257,3.119205,12.286659
-8.793355,8.632407,3.11125,12.3224
-8.855711,8.62884,3.114218,12.364485
-8.960303,8.626381,3.118818,12.437905
-9.022604,8.615781,3.139375,12.475539
-9.096512,8.609699,3.123535,12.524913
-9.16185,8.603767,3.130078,12.568385
-9.231453,8.605472,3.133301,12.620376
-9.244996,8.604222,3.135641,12.629434
-9.35351,8.607485,3.135713,12.711292
-9.381314,8.617756,3.138791,12.738711
-9.470382,8.623423,-3.141493,12.808261
-9.539309,8.62743,-3.137459,12.861997
-9.608584,8.624941,-3.133358,12.911797
-9.721948,8.619627,-3.13403,12.992853
-9.754048,8.615107,-3.131925,13.013897
-9.844766,8.611307,-3.134028,13.079527
-9.860555,8.61099,-3.134781,13.091207
-9.911474,8.610065,-3.134461,13.128996
-9.953641,8.606039,-3.136147,13.158225
-9.989654,8.597992,-3.136987,13.180238
-10.065964,8.593067,-3.138089,13.23497
-10.088449,8.589126,-3.138906,13.249524
-10.191333,8.583568,-3.139611,13.324448
-10.196335,8.58195,-3.141014,13.327232
-10.248197,8.573953,3.140621,13.361819
-10.288847,8.568518,3.135699,13.389543
-10.325556,8.563888,3.136665,13.414816
-10.383967,8.561722,3.130861,13.458449
-10.421174,8.579626,3.106144,13.49855
-10.522269,8.593363,3.101673,13.585434
-10.539779,8.603527,3.107388,13.605426
-10.584253,8.614358,3.105573,13.646742
-10.635925,8.620266,3.107386,13.690577
-10.692216,8.624199,3.107889,13.736823
-10.725777,8.626696,3.106154,13.764526
-10.773643,8.630825,3.109256,13.804439
-10.821295,8.633222,3.113315,13.843155
-10.862103,8.631641,3.115567,13.874095
-10.889589,8.626431,3.114574,13.892388
-10.992677,8.605988,-3.139035,13.96073
-11.099222,8.597404,-3.131804,14.039519
-11.145539,8.60241,-3.125808,14.079222
-11.183695,8.621042,-3.140164,14.120814
-11.253516,8.636505,-3.13124,14.185586
-11.306957,8.640009,-3.130439,14.230145
-11.363514,8.638877,-3.12626,14.27444
-11.414889,8.63406,-3.125851,14.312466
-11.500411,8.623573,-3.121027,14.374473
-11.504673,8.607468,-3.120557,14.368229
-11.54644,8.596111,-3.104854,14.394909
-11.598959,8.590047,-3.089752,14.43346
-11.643675,8.588282,-3.080389,14.468371
-11.72664,8.580108,-3.070446,14.530393
-11.733056,8.577873,-3.061307,14.534253
-11.774611,8.571483,-3.069667,14.564058
-11.808169,8.56477,-3.060427,14.587259
-11.88223,8.558934,-3.065237,14.643864
-11.974868,8.542631,-3.051881,14.709657
-12.017859,8.526645,-3.045598,14.735421
-12.06908,8.515102,-3.049896,14.770568
-12.116908,8.529919,-3.074237,14.818197
-12.164409,8.534309,-3.077334,14.859585
-12.219967,8.530714,-3.097373,14.903043
-12.261269,8.52456,-3.095032,14.933414
-12.298246,8.532965,-3.127167,14.968579
-12.362618,8.523957,3.140559,15.016396
-12.418484,8.533898,3.12415,15.06805
-12.418623,8.541581,3.124546,15.072518
-12.534093,8.518727,-3.133108,15.15494
-12.528967,8.522892,-3.126742,15.153043
-12.57082,8.525207,-3.103908,15.188965
-12.619259,8.502996,-3.074699,15.216656
-12.685947,8.506005,-3.062957,15.273683
-12.729436,8.483807,-3.033149,15.297501
-12.75171,8.495189,-3.013611,15.322348
-12.74415,8.49584,-3.008437,15.316418
-12.766354,8.463139,-2.964963,15.316805
-12.793595,8.449059,-2.955528,15.331753
-12.794601,8.447952,-2.949752,15.331983
-12.805974,8.435731,-2.935106,15.334749
-12.838448,8.425024,-2.928782,15.356001
-12.89635,8.401777,-2.906321,15.391741
-12.917514,8.393022,-2.899398,15.404707
-12.951204,8.383626,-2.898333,15.42786
-12.981554,8.375569,-2.896581,15.448977
-12.998875,8.367536,-2.88942,15.459185
-13.023277,8.356966,-2.871069,15.473998
-13.038168,8.344989,-2.855036,15.480073
-13.05306,8.336904,-2.84288,15.488264
-13.063255,8.334286,-2.832861,15.49545
-13.081282,8.308409,-2.79191,15.496761
-13.096519,8.29547,-2.778798,15.502697
-13.110067,8.283999,-2.772454,15.508014
-13.148314,8.269102,-2.733376,15.532424
-13.166427,8.254652,-2.727575,15.54008
-13.179331,8.243196,-2.71219,15.544936
-13.19329,8.228634,-2.705489,15.549062
-13.219765,8.207254,-2.668963,15.560244
-13.259881,8.176581,-2.648105,15.578219
-13.270929,8.168449,-2.628857,15.58336
-13.278973,8.160711,-2.62561,15.586159
-13.28029,8.153865,-2.62173,15.583697
-13.280364,8.148119,-2.617578,15.580755
-13.288096,8.141758,-2.60659,15.584021
-13.295022,8.139467,-2.595579,15.588731
-13.289303,8.132754,-2.589768,15.580349
-13.301047,8.121112,-2.550021,15.584296
-13.320694,8.103116,-2.520793,15.591709
-13.320179,8.101886,-2.51894,15.590629
-13.321717,8.097666,-2.51481,15.589751
-13.329153,8.088403,-2.504734,15.591298
-13.341167,8.082763,-2.49911,15.598647
-13.35488,8.07051,-2.493211,15.604037
-13.349143,8.067859,-2.492816,15.597756
-13.348525,8.055457,-2.491796,15.590815
-13.3492,8.035659,-2.440342,15.581173
-13.363248,8.024495,-2.413531,15.587461
-13.384858,8.00979,-2.404984,15.598435
-13.391132,8.002199,-2.394657,15.599923
-13.403977,7.99097,-2.389745,15.605197
-13.41845,7.974881,-2.375861,15.609405
-13.417469,7.965308,-2.370533,15.603673
-13.420009,7.936595,-2.341382,15.591221
-13.430341,7.922263,-2.302661,15.592829
-13.439193,7.906471,-2.290374,15.59244
-13.451357,7.892863,-2.27551,15.596035
-13.449143,7.894429,-2.268714,15.594918
-13.450302,7.879272,-2.264071,15.58825
-13.439668,7.868745,-2.24146,15.573755
-13.442894,7.850346,-2.232811,15.567252
-13.449259,7.836792,-2.223647,15.565921
-13.454449,7.827764,-2.211256,15.565863
-13.454397,7.825501,-2.186898,15.56468
-13.454914,7.816436,-2.187584,15.560572
-13.463603,7.808722,-2.163587,15.564213
-13.463383,7.793892,-2.161918,15.556588
-13.450821,7.786594,-2.160513,15.54206
-13.440767,7.776527,-2.159779,15.528316
-13.451373,7.75423,-2.124952,15.526349
-13.467849,7.729837,-2.115517,15.528469
-13.486031,7.714562,-2.099747,15.536651
-13.503798,7.689797,-2.080935,15.539805
-13.499888,7.669765,-2.0546,15.526502
-13.482805,7.662532,-2.053668,15.508076
-13.480671,7.644182,-2.028252,15.497161
-13.49746,7.609062,-2.007232,15.494491
-13.50914,7.608792,-1.99123,15.504534
-13.511131,7.59245,-1.973558,15.498256
-13.514111,7.567814,-1.960529,15.488803
-13.506136,7.526502,-1.9221,15.461692
-13.499406,7.521894,-1.919112,15.45357
-13.5017,7.492788,-1.901094,15.44143
-13.508052,7.472275,-1.894517,15.437045
-13.510867,7.456808,-1.882654,15.432029
-13.50927,7.429844,-1.870486,15.417618
-13.513712,7.386509,-1.838715,15.40068
-13.510689,7.323891,-1.838942,15.368087
-13.497752,7.309713,-1.839417,15.349958
-13.483509,7.291417,-1.840832,15.328724
-13.498406,7.231137,-1.835727,15.313273
-13.486643,7.237745,-1.809254,15.306028
-13.499281,7.202734,-1.794728,15.300653
-13.506136,7.161411,-1.767033,15.287299
-13.509089,7.149596,-1.767645,15.284378
-13.51361,7.12553,-1.762509,15.277135
-13.51091,7.098878,-1.762053,15.262331
-13.514555,7.039246,-1.762642,15.237919
-13.525426,6.986148,-1.77086,15.223121
-13.529968,6.959796,-1.769772,15.215084
-13.541757,6.885717,-1.764829,15.191849
-13.540841,6.871519,-1.767613,15.184602
-13.54497,6.832958,-1.765056,15.170877
-13.552187,6.79753,-1.762188,15.161405
-13.557058,6.744381,-1.742297,15.142011
-13.555774,6.699533,-1.735701,15.120937
-13.562029,6.647874,-1.729307,15.103736
-13.574825,6.585286,-1.719201,15.087806
-13.59256,6.578486,-1.706072,15.100801
-13.610059,6.540338,-1.693631,15.099991
-13.605682,6.444116,-1.675869,15.054608
-13.602963,6.436326,-1.674823,15.048817
-13.605532,6.389974,-1.67122,15.031376
-13.609201,6.331829,-1.668972,15.010077
-13.620474,6.276956,-1.674244,14.997249
-13.624781,6.274699,-1.676036,15.000217
-13.616568,6.209192,-1.667845,14.96546
-13.615222,6.165827,-1.670158,14.946293
-13.632541,6.067828,-1.681493,14.921954
-13.637917,6.044616,-1.681379,14.917445
-13.64404,6.001413,-1.680443,14.905596
-13.646502,5.992509,-1.684198,14.904267
-13.653383,5.910639,-1.682788,14.877854
-13.656406,5.855621,-1.680514,14.85886
-13.65799,5.83187,-1.681234,14.850973
-13.665262,5.777275,-1.685894,14.836317
-13.674141,5.743586,-1.679866,14.831416
-13.671757,5.702773,-1.67554,14.813458
-13.676363,5.645894,-1.683594,14.795912
-13.674246,5.589909,-1.667541,14.772681
-13.674697,5.553847,-1.657255,14.759491
-13.674076,5.510155,-1.624849,14.742529
-13.669135,5.474889,-1.615873,14.724797
-13.664904,5.392296,-1.590747,14.690353
-13.65651,5.375072,-1.570352,14.676227
-13.649796,5.323659,-1.553401,14.651221
-13.637655,5.287312,-1.547809,14.626733
-13.632929,5.246759,-1.504866,14.607711
-13.628919,5.205702,-1.491131,14.589269
-13.613405,5.162847,-1.479934,14.559526
-13.602395,5.143199,-1.472474,14.542271
-13.595884,5.072756,-1.446865,14.511406
-13.587468,5.052593,-1.438936,14.496482
-13.579518,5.016061,-1.409574,14.476331
-13.569024,4.976088,-1.395747,14.452677
-13.549688,4.905817,-1.395972,14.410451
-13.539711,4.889619,-1.391229,14.39556
-13.523736,4.846688,-1.384872,14.365995
-13.507647,4.797195,-1.383196,14.334211
-13.494553,4.758885,-1.379305,14.309086
-13.477301,4.705665,-1.372556,14.275185
-13.463416,4.644171,-1.370453,14.241906
-13.459108,4.626156,-1.363233,14.231967
-13.441812,4.577476,-1.362398,14.199845
-13.434419,4.537367,-1.362591,14.179961
-13.429321,4.497832,-1.360821,14.162526
-13.421849,4.456706,-1.356113,14.142427
-13.410664,4.391716,-1.352274,14.111452
-13.40489,4.39475,-1.341545,14.10691
-13.394776,4.350381,-1.327859,14.083531
-13.376705,4.265356,-1.310589,14.040282
-13.378117,4.255165,-1.293414,14.038534
-13.368188,4.220729,-1.287707,14.018666
-13.356245,4.18386,-1.274443,13.996212
-13.342681,4.136146,-1.264031,13.969067
-13.336638,4.108824,-1.267911,13.955227
-13.31187,4.058956,-1.251401,13.916933
-13.311464,4.039311,-1.274405,13.910827
-13.30879,4.031159,-1.283156,13.905903
-13.301348,4.011864,-1.293201,13.893197
-13.29424,3.987575,-1.321625,13.879394
-13.291297,3.945163,-1.346393,13.864447
-13.299966,3.938416,-1.377111,13.870841
-13.306213,3.915312,-1.38426,13.870291
-13.306351,3.893587,-1.39502,13.864307
-13.31047,3.870425,-1.4101,13.861775
-13.307976,3.850019,-1.436555,13.853695
-13.302735,3.830615,-1.4475,13.843278
-13.312236,3.827498,-1.470317,13.851548
-13.315098,3.810712,-1.482445,13.84967
-13.315254,3.801062,-1.492291,13.847168
-13.317565,3.772698,-1.500873,13.841632
-13.319465,3.76404,-1.505543,13.841104
-13.327234,3.761087,-1.518798,13.847778
-13.332655,3.738964,-1.537486,13.847004
-13.344851,3.727561,-1.571567,13.855676
-13.344444,3.707682,-1.577335,13.849949
-13.34695,3.702871,-1.59363,13.851076
-13.352861,3.684973,-1.600833,13.852
-13.356968,3.675838,-1.604535,13.853533
-13.367741,3.644448,-1.613368,13.855631
-13.376794,3.645057,-1.648374,13.864525
-13.3883,3.624433,-1.655985,13.870223
-13.401465,3.621029,-1.660513,13.882043
-13.410217,3.606783,-1.662578,13.886785
-13.420838,3.581433,-1.665344,13.890484
-13.42749,3.552427,-1.673622,13.889465
-13.434199,3.512489,-1.685101,13.885794
-13.422454,3.517245,-1.697032,13.875636
-13.43975,3.492588,-1.716328,13.886146
-13.462693,3.465101,-1.734375,13.901476
-13.474109,3.429463,-1.750372,13.903698
-13.475852,3.411972,-1.756341,13.901084
-13.486186,3.368246,-1.76628,13.900442
-13.487911,3.360153,-1.77106,13.900158
-13.49892,3.338552,-1.800356,13.905638
-13.516494,3.319716,-1.804489,13.918194
-13.516996,3.290055,-1.807638,13.911637
-13.533009,3.230526,-1.834639,13.913254
-13.529382,3.224393,-1.848319,13.908303
-13.561582,3.152523,-1.861376,13.923179
-13.570635,3.133483,-1.865137,13.927701
-13.576923,3.104582,-1.867836,13.927356
-13.586305,3.063478,-1.875253,13.927404
-13.581676,3.073662,-1.873781,13.925133
-13.596405,3.035193,-1.876166,13.931067
-13.608845,2.997343,-1.870435,13.935018
-13.626266,2.945639,-1.865506,13.941015
-13.638277,2.89596,-1.862459,13.942352
-13.638423,2.898799,-1.847308,13.943085
-13.645389,2.825242,-1.817144,13.934799
-13.640336,2.827531,-1.809392,13.930316
-13.660096,2.74174,-1.80273,13.932528
-13.66567,2.737862,-1.79797,13.937232
-13.674846,2.708898,-1.792038,13.940572
-13.691183,2.652883,-1.782266,13.945833
-13.692068,2.611627,-1.777801,13.938914
-13.689648,2.578019,-1.773093,13.930278
-13.689716,2.562198,-1.774108,13.927425
-13.697642,2.509532,-1.748243,13.925629
-13.710888,2.452718,-1.738049,13.928542
-13.716554,2.387765,-1.734763,13.922833
-13.714816,2.365245,-1.696836,13.917276
-13.707711,2.317749,-1.692264,13.902277
-13.706364,2.267863,-1.684036,13.892718
-13.723623,2.210256,-1.655983,13.900469
-13.709829,2.114316,-1.64651,13.871904
-13.694188,2.090866,-1.6383,13.852888
-13.703298,1.992356,-1.619236,13.847377
-13.702961,1.976122,-1.615034,13.844717
-13.697441,1.922671,-1.612878,13.831722
-13.689146,1.882683,-1.61127,13.818003
-13.677614,1.819757,-1.609018,13.798139
-13.667482,1.796759,-1.610401,13.785079
-13.656955,1.758884,-1.612166,13.769753
-13.677415,1.69041,-1.617093,13.781479
-13.69054,1.634555,-1.615247,13.787772
-13.692857,1.596872,-1.613916,13.785657
-13.701065,1.528455,-1.623797,13.786056
-13.699977,1.457857,-1.623439,13.777326
-13.699787,1.391619,-1.623275,13.770286
-13.706782,1.352973,-1.636856,13.773395
-13.712523,1.319289,-1.634543,13.775841
-13.710634,1.267966,-1.625519,13.769141
-13.70616,1.227443,-1.620463,13.761011
-13.708123,1.186566,-1.625377,13.759381
-13.709501,1.154192,-1.621045,13.758001
-13.709308,1.090713,-1.569353,13.752628
-13.712433,1.028609,-1.556478,13.750958
-13.696366,0.990083,-1.539014,13.732105
-13.685579,0.979361,-1.529818,13.720576
-13.674523,0.940575,-1.512912,13.706833
-13.668742,0.930532,-1.508418,13.700379
-13.657691,0.893527,-1.461752,13.686888
-13.665192,0.877714,-1.450535,13.693351
-13.636818,0.819851,-1.423795,13.661441
-13.617334,0.816999,-1.416536,13.641821
-13.597794,0.791893,-1.404943,13.620833
-13.585344,0.737938,-1.391714,13.605371
-13.584545,0.728822,-1.388555,13.604082
-13.583114,0.717549,-1.377996,13.602054
-13.582117,0.70831,-1.371714,13.600574
-13.572445,0.685377,-1.332726,13.589739
-13.551676,0.657821,-1.31309,13.567633
-13.548057,0.66903,-1.302268,13.564566
-13.527489,0.640182,-1.283153,13.542629
-13.519785,0.644074,-1.279494,13.535118
-13.513952,0.642876,-1.27685,13.529235
-13.50188,0.619707,-1.249656,13.516094
-13.490942,0.574992,-1.239,13.503189
-13.480376,0.537553,-1.231008,13.49109
-13.4612,0.482768,-1.22723,13.469854
-13.44317,0.447408,-1.22347,13.450613
-13.429982,0.417666,-1.217905,13.436475
-13.419225,0.393806,-1.196308,13.425002
-13.39849,0.363749,-1.17267,13.403427
-13.382792,0.347434,-1.165975,13.387301
-13.37719,0.339697,-1.15196,13.381502
-13.369509,0.33032,-1.148479,13.373589
-13.362555,0.315705,-1.113395,13.366284
-13.355737,0.314752,-1.110684,13.359446
-13.347291,0.312138,-1.094968,13.35094
-13.338655,0.308057,-1.072123,13.342212
-13.330543,0.30946,-1.073177,13.334134
-13.328125,0.296106,-1.050582,13.331413
-13.320656,0.286631,-1.044568,13.323739
-13.314765,0.274885,-1.026103,13.317602
-13.307898,0.265409,-1.003185,13.310545
-13.299703,0.261009,-0.986994,13.302264
-13.291202,0.263456,-0.984752,13.293813
-13.277446,0.2558,-0.966111,13.27991
-13.269485,0.246335,-0.94897,13.271771
-13.260781,0.238758,-0.932337,13.26293
-13.248819,0.227648,-0.920818,13.250775
-13.237797,0.228088,-0.897566,13.239762
-13.219934,0.214293,-0.882178,13.221671
-13.213885,0.212915,-0.864987,13.215601
-13.207118,0.198298,-0.850659,13.208606
-13.189689,0.188881,-0.82965,13.191041
-13.176308,0.18111,-0.813141,13.177553
-13.166612,0.170501,-0.799508,13.167716
-13.15376,0.175506,-0.788384,13.154931
-13.1357,0.176325,-0.771761,13.136884
-13.131705,0.185691,-0.769679,13.133018
-13.111782,0.165575,-0.751128,13.112827
-13.096737,0.156478,-0.747579,13.097672
-13.092317,0.151243,-0.734499,13.093191
-13.0775,0.147739,-0.718733,13.078334
-13.057527,0.138925,-0.702558,13.058266
-13.037055,0.12909,-0.694274,13.037694
-13.020639,0.133993,-0.681105,13.021329
-12.999524,0.137799,-0.674382,13.000254
-12.981735,0.129791,-0.660409,12.982384
-12.969119,0.11714,-0.657448,12.969648
-12.944835,0.099631,-0.630575,12.945218
-12.920626,0.094966,-0.627014,12.920975
-12.896244,0.088682,-0.609811,12.896548
-12.880023,0.080958,-0.595433,12.880278
-12.869423,0.076185,-0.585384,12.869649
-12.849432,0.071463,-0.575691,12.84963
-12.83064,0.070187,-0.567398,12.830832
-12.795368,0.047345,-0.549824,12.795455
-12.781295,0.033932,-0.539649,12.78134
-12.75855,0.018782,-0.51014,12.758563
-12.732411,0.014696,-0.507178,12.732419
-12.711815,0.011382,-0.494812,12.71182
-12.681708,0.00315,-0.478649,12.681708
-12.654942,-0.001034,-0.476964,12.654942
-12.654696,0.008614,-0.463223,12.654699
-12.618173,-0.012344,-0.445175,12.618179
-12.586871,-0.027076,-0.441811,12.5869
-12.526066,-0.04005,-0.412308,12.52613
-12.481428,-0.047609,-0.402675,12.481519
-12.474395,-0.043614,-0.387066,12.474471
-12.428202,-0.057072,-0.378663,12.428333
-12.385915,-0.06472,-0.360009,12.386084
-12.351343,-0.074814,-0.34713,12.35157
-12.346939,-0.076155,-0.34491,12.347174
-12.317091,-0.089498,-0.335805,12.317417
-12.277153,-0.091962,-0.316707,12.277497
-12.200549,-0.111071,-0.290823,12.201055
-12.199907,-0.102868,-0.28897,12.200341
-12.147636,-0.113698,-0.275961,12.148168
-12.09941,-0.121729,-0.262942,12.100023
-12.065129,-0.123644,-0.254195,12.065763
-12.010463,-0.140181,-0.234506,12.011281
-11.959979,-0.145189,-0.22942,11.960861
-11.909471,-0.151224,-0.212774,11.910431
-11.869986,-0.161405,-0.199181,11.871083
-11.816344,-0.163336,-0.185062,11.817473
-11.763295,-0.161731,-0.189535,11.764406
-11.68119,-0.171165,-0.176268,11.682444
-11.683045,-0.172081,-0.163941,11.684312
-11.637028,-0.174193,-0.152093,11.638332
-11.594055,-0.177432,-0.145687,11.595413
-11.559993,-0.18033,-0.138067,11.5614
-11.514113,-0.189393,-0.126234,11.515671
-11.469238,-0.185562,-0.129124,11.470739
-11.421485,-0.185897,-0.11373,11.422997
-11.371369,-0.190851,-0.100594,11.372971
-11.310152,-0.193102,-0.09084,11.3118
-11.285809,-0.193503,-0.077611,11.287468
-11.236844,-0.196396,-0.077503,11.23856
-11.177584,-0.194913,-0.076438,11.179284
-11.139089,-0.196326,-0.059454,11.140819
-11.07619,-0.194054,-0.051652,11.07789
-11.022288,-0.192063,-0.046926,11.023961
-10.978874,-0.193636,-0.04505,10.980582
-10.932548,-0.198428,-0.034302,10.934349
-10.88756,-0.205223,-0.029733,10.889494
-10.834507,-0.204131,-0.021868,10.83643
-10.745204,-0.198331,-0.027776,10.747034
-10.748617,-0.191345,-0.026229,10.75032
-10.695204,-0.187395,-0.014633,10.696845
-10.656231,-0.189265,-0.003642,10.657912
-10.609765,-0.192739,0.005288,10.611515
-10.556534,-0.194356,0.013801,10.558323
-10.492273,-0.189316,0.015071,10.493981
-10.451332,-0.185462,0.018236,10.452978
-10.339506,-0.181419,0.021293,10.341097
-10.335885,-0.179048,0.024891,10.337436
-10.292225,-0.170951,0.017383,10.293645
-10.224668,-0.165205,0.01779,10.226003
-10.132469,-0.157229,0.018812,10.133689
-10.065631,-0.151098,0.02036,10.066765
-10.021113,-0.148492,0.021773,10.022213
-10.012398,-0.14673,0.021706,10.013473
-9.954108,-0.143743,0.023259,9.955146
-9.904573,-0.146444,0.022197,9.905656
-9.807819,-0.145585,0.025473,9.8089
-9.753499,-0.140946,0.024286,9.754517
-9.748999,-0.139504,0.024575,9.749997
-9.680888,-0.13522,0.023713,9.681832
-9.652238,-0.134551,0.024906,9.653175
-9.628264,-0.131108,0.022034,9.629157
-9.552865,-0.124016,0.019935,9.55367
-9.519575,-0.120629,0.020683,9.520339
-9.47337,-0.117487,0.020774,9.474099
-9.424615,-0.113389,0.018054,9.425297
-9.384251,-0.112675,0.019032,9.384927
-9.340876,-0.109381,0.017486,9.341516
-9.266464,-0.109336,0.01607,9.267109
-9.250073,-0.111142,0.015753,9.25074
-9.207006,-0.110258,0.01541,9.207666
-9.152636,-0.110457,0.012329,9.153302
-9.103396,-0.112742,0.01403,9.104094
-9.044632,-0.113144,0.012053,9.04534
-8.995788,-0.115398,0.010736,8.996528
-8.904689,-0.122026,0.020947,8.905525
-8.891727,-0.128651,0.020253,8.892658
-8.83682,-0.133654,0.020676,8.837831
-8.784103,-0.136763,0.020108,8.785168
-8.736705,-0.135132,0.018556,8.73775
-8.698864,-0.134809,0.018682,8.699908
-8.651271,-0.131829,0.018932,8.652275
-8.611959,-0.131447,0.018131,8.612962
-8.55682,-0.131213,0.019734,8.557826
-8.511812,-0.132436,0.018383,8.512842
-8.462444,-0.135274,0.017579,8.463526
-8.431483,-0.136385,0.018684,8.432586
-8.293161,-0.132154,0.012403,8.294214
-8.22611,-0.138655,0.01426,8.227279
-8.223246,-0.141131,0.013516,8.224457
-8.149872,-0.137392,0.011684,8.15103
-8.157933,-0.138009,0.0105,8.1591
-8.117118,-0.133629,0.010488,8.118218
-8.070243,-0.131506,0.009919,8.071315
-8.022483,-0.128204,0.010723,8.023507
-7.967095,-0.127024,0.009814,7.968108
-7.901392,-0.129909,0.009787,7.90246
-7.868663,-0.126993,0.009091,7.869687
-7.8106,-0.123465,0.0077,7.811576
-7.745908,-0.12241,0.008636,7.746875
-7.65616,-0.119083,0.006767,7.657086
-7.642415,-0.120699,0.00677,7.643368
-7.591703,-0.121143,0.007829,7.592669
-7.54181,-0.117743,0.005713,7.542729
-7.497306,-0.118086,0.005882,7.498236
-7.40502,-0.114113,0.00311,7.4059
-7.396674,-0.111855,0.002134,7.397519
-7.334681,-0.109755,0.000854,7.335502
-7.24552,-0.104258,-0.004793,7.24627
-7.245648,-0.103741,-0.006385,7.24639
-7.205022,-0.103116,-0.006646,7.20576
-7.104187,-0.100077,-0.014521,7.104892
-7.104272,-0.095702,-0.013238,7.104917
-7.055713,-0.09921,-0.013394,7.056411
-7.005222,-0.097674,-0.017979,7.005903
-6.965174,-0.10306,-0.021264,6.965936
-6.907683,-0.106584,-0.02014,6.908505
-6.876873,-0.107507,-0.026297,6.877714
-6.838774,-0.11377,-0.025175,6.839721
-6.791647,-0.11579,-0.026185,6.792634
-6.707779,-0.120102,-0.023661,6.708855
-6.721664,-0.122815,-0.024992,6.722786
-6.690087,-0.126822,-0.024877,6.691289
-6.654527,-0.126724,-0.024928,6.655733
-6.598121,-0.122016,-0.022824,6.599249
-6.47598,-0.124528,-0.016017,6.477177
-6.434703,-0.122297,-0.014784,6.435865
-6.366626,-0.120098,-0.012679,6.367759
-6.289432,-0.12266,-0.01255,6.290628
-6.243496,-0.127269,-0.009942,6.244793
-6.152249,-0.139255,-0.006885,6.153825
-6.071165,-0.140684,-0.007486,6.072795
-6.001172,-0.143954,-0.008449,6.002898
-5.937172,-0.144598,-0.008243,5.938932
-5.892302,-0.14456,-0.006773,5.894075
-5.784284,-0.145449,-0.008272,5.786113
-5.7621,-0.145865,-0.007162,5.763946
-5.686205,-0.147297,-0.004591,5.688112
-5.632301,-0.149183,-0.005889,5.634277
-5.597108,-0.149448,-0.00066,5.599103
-5.535589,-0.150116,0.001434,5.537624
-5.487315,-0.151138,0.003708,5.489396
-5.463077,-0.149201,0.001442,5.465114
-5.352886,-0.153482,0.006677,5.355086
-5.322512,-0.150146,0.008201,5.324629
-5.229099,-0.149135,0.011877,5.231225
-5.21276,-0.144826,0.010944,5.214772
-5.143168,-0.147275,0.013076,5.145277
-5.09979,-0.145,0.014005,5.101851
-5.051539,-0.142991,0.015151,5.053563
-5.001038,-0.143414,0.019349,5.003093
-4.938894,-0.139597,0.015647,4.940867
-4.900627,-0.141859,0.019178,4.902679
-4.792157,-0.143109,0.019618,4.794293
-4.794099,-0.145486,0.021844,4.796306
-4.753152,-0.145726,0.022647,4.755385
-4.696886,-0.14128,0.022677,4.699011
-4.662735,-0.142067,0.023123,4.664899
-4.553534,-0.136748,0.024103,4.555587
-4.54185,-0.137853,0.023175,4.543942
-4.470238,-0.13845,0.02418,4.472381
-4.418761,-0.136335,0.023265,4.420864
-4.332938,-0.140114,0.024819,4.335203
-4.357867,-0.138442,0.0231,4.360065
-4.299556,-0.136676,0.021429,4.301728
-4.260805,-0.138439,0.023209,4.263054
-4.203579,-0.137648,0.022351,4.205832
-4.156657,-0.137813,0.020668,4.158941
-4.081479,-0.134154,0.022107,4.083683
-4.040678,-0.135535,0.019116,4.04295
-3.949702,-0.131431,0.015535,3.951888
-3.888016,-0.131009,0.019016,3.890222
-3.804854,-0.129143,0.018071,3.807045
-3.80569,-0.130814,0.019462,3.807937
-3.757545,-0.130743,0.02008,3.759819
-3.70708,-0.124751,0.014573,3.709179
-3.676768,-0.125859,0.016945,3.678921
-3.625528,-0.122161,0.015462,3.627585
-3.54594,-0.121046,0.014793,3.548005
-3.530153,-0.118019,0.015254,3.532126
-3.416904,-0.116674,0.012111,3.418896
-3.39377,-0.119578,0.013582,3.395876
-3.364403,-0.120747,0.013663,3.366569
-3.319938,-0.12065,0.013498,3.322129
-3.295689,-0.1139,0.009363,3.297656
-3.222868,-0.112666,0.007529,3.224837
-3.165289,-0.112577,0.009721,3.167291
-3.124803,-0.107214,0.006149,3.126642
-3.102978,-0.106946,0.006518,3.10482
-3.009427,-0.103137,0.001939,3.011193
-2.965728,-0.097814,0.002343,2.96734
-2.894004,-0.092695,-0.001022,2.895488
-2.804689,-0.091574,-0.004918,2.806184
-2.750211,-0.092399,-0.00585,2.751763
-2.71923,-0.092123,-0.011202,2.72079
-2.655696,-0.090215,-0.012097,2.657228
-2.598397,-0.0882,-0.017132,2.599893
-2.535483,-0.088372,-0.020338,2.537022
-2.450841,-0.093233,-0.019021,2.452613
-2.431351,-0.092089,-0.02234,2.433094
-2.386583,-0.099874,-0.023216,2.388671
-2.30467,-0.10683,-0.029274,2.307145
-2.316442,-0.111495,-0.026994,2.319124
-2.263976,-0.120709,-0.027415,2.267191
-2.208076,-0.125134,-0.028406,2.211619
-2.152124,-0.131334,-0.028889,2.156128
-2.124396,-0.132674,-0.028837,2.128535
-2.054539,-0.133639,-0.030286,2.05888
-1.970464,-0.129037,-0.02907,1.974685
-1.932434,-0.131886,-0.030347,1.93693
-1.88395,-0.132831,-0.02838,1.888626
-1.763543,-0.137296,-0.028256,1.768879
-1.782301,-0.141412,-0.027679,1.787902
-1.740936,-0.138145,-0.02821,1.746409
-1.644347,-0.138456,-0.026829,1.650166
-1.597508,-0.139944,-0.026218,1.603626
-1.499602,-0.138859,-0.027159,1.506018
-1.505619,-0.136953,-0.027172,1.511835
-1.379869,-0.140128,-0.026197,1.386966
-1.335743,-0.134718,-0.025496,1.342519
-1.25289,-0.134049,-0.023302,1.260041
-1.227983,-0.129161,-0.021489,1.234757
-1.179163,-0.124628,-0.018646,1.18573
-1.108131,-0.122248,-0.016159,1.114853
-1.037103,-0.119414,-0.0106,1.043955
-1.027228,-0.117037,-0.011033,1.033874
-0.930087,-0.112445,-0.011975,0.93686
-0.875621,-0.110549,-0.007271,0.882572
-0.847976,-0.11071,-0.00426,0.855173
-0.796341,-0.10919,-0.003203,0.803792
-0.715445,-0.107189,-0.004273,0.72343
-0.685916,-0.107353,-0.001703,0.694266
-0.64989,-0.108025,-0.000962,0.658806
-0.625458,-0.111614,0.001869,0.635339
-0.58402,-0.11414,0.001878,0.595069
-0.538252,-0.115497,0.001033,0.550504
-0.482844,-0.113363,-0.000521,0.495973
-0.439923,-0.113923,0.000669,0.454435
-0.39668,-0.114356,-9.4e-05,0.412834
-0.315783,-0.115019,0.00092,0.336078
-0.286644,-0.116418,0.001874,0.309384
-0.238418,-0.115529,0.001798,0.264934
-0.180549,-0.115611,0.002361,0.214392
-0.142717,-0.114279,0.00266,0.182833
-0.121562,-0.117342,0.004549,0.168957
-0.049745,-0.117925,0.004333,0.127988
